Instance Size,vCPU,Memory,Storage,Network ,Bandwith,EBS Bandwidth,1 Year Price, 1 Year PPM ,3 Year Price, 3 Year PPM ,GPUs,CPU Credits Earned / Hr,Network Burst Bandwidth (Gbps)***,Accelerator Peer-to-Peer Bidirectional(Gbps),1080p60 Streams,4Kp60 Streams,GPU Peer to Peer,GPUDirect RDMA,EBS Burst Bandwidth (Mbps),Baseline Performance / vCPU,Logical Processors*,Trainium Accelerators,Inferentia2 Accelerators,Inferentia Accelerators,Qualcomm AI 100 Accelerators,FPGAs,Physical Cores,Cores,Accelerator Memory (GB),U30 Accelerators,Gaudi Accelerators,Accelerator Memory (GB),CPU Credits/hour,NVIDIA T4G Tensor Core GPU,GPU Memory (GiB),Inter-accelerator Interconnect,EFA Network Bandwidth (Gbps),Aggregate Disk Throughput (MiB/s)
Is4gen.medium,1,6,1 x 937 AWS Nitro SSD,,Up to 25,Up to 9.5,NA, NA ,NA, NA ,,,,,,,,,,,,,,,,,,,,,,,,,,,,
r7iz.large,2,16,EBS-Only,,Up to 12.5,Up to 10,NA, NA ,NA, NA ,,,,,,,,,,,,,,,,,,,,,,,,,,,,
Im4gn.large,2,8,1 x 937 AWS Nitro SSD,,Up to 25,Up to 9.5,NA, NA ,NA, NA ,,,,,,,,,,,,,,,,,,,,,,,,,,,,
Is4gen.large,2,12,1 x 1875 AWS Nitro SSD,,Up to 25,Up to 9.5,NA, NA ,NA, NA ,,,,,,,,,,,,,,,,,,,,,,,,,,,,
r7iz.xlarge,4,32,EBS-Only,,Up to 12.5,Up to 10,NA, NA ,NA, NA ,,,,,,,,,,,,,,,,,,,,,,,,,,,,
g5g.xlarge,4,8,,,Up to 10,Up to 3.5,NA, NA ,NA, NA ,,,,,,,,,,,,,,,,,,,,,,,,1,16,,,
Im4gn.xlarge,4,16,1 x 1875 AWS Nitro SSD,,Up to 25,Up to 9.5,NA, NA ,NA, NA ,,,,,,,,,,,,,,,,,,,,,,,,,,,,
Is4gen.xlarge,4,24,1 x 3750 AWS Nitro SSD,,Up to 25,Up to 9.5,NA, NA ,NA, NA ,,,,,,,,,,,,,,,,,,,,,,,,,,,,
d3en.xlarge,4,16,2 x 14 HDD,,Up to 25,850,NA, NA ,NA, NA ,,,,,,,,,,,,,,,,,,,,,,,,,,,,500
mac2.metal,8,16,EBS-Only,,10,8,NA, NA ,NA, NA ,,,,,,,,,,,,,,,,,,,,,,,,,,,,
mac2-m2.metal,8,24,EBS-Only,,10,8,NA, NA ,NA, NA ,,,,,,,,,,,,,,,,,,,,,,,,,,,,
r7iz.2xlarge,8,64,EBS-Only,,Up to 12.5,Up to 10,NA, NA ,NA, NA ,,,,,,,,,,,,,,,,,,,,,,,,,,,,
x2iezn.2xlarge,8,256,EBS-Only,,Up to 25,3.17,NA, NA ,NA, NA ,,,,,,,,,,,,,,,,,,,,,,,,,,,,
g5g.2xlarge,8,16,,,Up to 10,Up to 3.5,NA, NA ,NA, NA ,,,,,,,,,,,,,,,,,,,,,,,,1,16,,,
trn1.2xl,8,32,1 x 500 NVMe SSD,,Up to 12.5,Up to 20,NA, NA ,NA, NA ,,,,,,,,,,,,1,,,,,,,,,,32,,,,,,
f1.2xlarge,8,122,1 x 470,Up to 10,,,NA, NA ,NA, NA ,,,,,,,,,,,,,,,,1,,,,,,,,,,,,
Im4gn.2xlarge,8,32,1 x 3750 AWS Nitro SSD,,Up to 25,Up to 9.5,NA, NA ,NA, NA ,,,,,,,,,,,,,,,,,,,,,,,,,,,,
Is4gen.2xlarge,8,48,1 x 7500 AWS Nitro SSD,,Up to 25,Up to 9.5,NA, NA ,NA, NA ,,,,,,,,,,,,,,,,,,,,,,,,,,,,
d3en.2xlarge,8,32,4 x 14 HDD,,Up to 25,"1,700",NA, NA ,NA, NA ,,,,,,,,,,,,,,,,,,,,,,,,,,,,"1,000"
mac1.metal,12,32,EBS-Only,,10,8,NA, NA ,NA, NA ,,,,,,,,,,,,,,,,,,,,,,,,,,,,
mac2-m2pro.metal,12,32,EBS-Only,,10,8,NA, NA ,NA, NA ,,,,,,,,,,,,,,,,,,,,,,,,,,,,
vt1.3xlarge,12,24,,,3.13,Up to 4.75,NA, NA ,NA, NA ,,,,,8,2,,,,,,,,,,,,,,1,,,,,,,,
r7iz.4xlarge,16,128,EBS-Only,,Up to 12.5,Up to 10,NA, NA ,NA, NA ,,,,,,,,,,,,,,,,,,,,,,,,,,,,
x2iezn.4xlarge,16,512,EBS-Only,,Up to 25,4.75,NA, NA ,NA, NA ,,,,,,,,,,,,,,,,,,,,,,,,,,,,
g5g.4xlarge,16,32,,,Up to 10,Up to 3.5,NA, NA ,NA, NA ,,,,,,,,,,,,,,,,,,,,,,,,1,16,,,
f1.4xlarge,16,244,1 x 940,Up to 10,,,NA, NA ,NA, NA ,,,,,,,,,,,,,,,,2,,,,,,,,,,,,
Im4gn.4xlarge,16,64,1 x 7500 AWS Nitro SSD,,25,9.5,NA, NA ,NA, NA ,,,,,,,,,,,,,,,,,,,,,,,,,,,,
Is4gen.4xlarge,16,96,2 x 7500 AWS Nitro SSD,,25,9.5,NA, NA ,NA, NA ,,,,,,,,,,,,,,,,,,,,,,,,,,,,
d3en.4xlarge,16,64,8 x 14 HDD,,25,"2,800",NA, NA ,NA, NA ,,,,,,,,,,,,,,,,,,,,,,,,,,,,"2,000"
x2iezn.6xlarge,24,768,EBS-Only,,50,9.5,NA, NA ,NA, NA ,,,,,,,,,,,,,,,,,,,,,,,,,,,,
vt1.6xlarge,24,48,,,6.25,4.75,NA, NA ,NA, NA ,,,,,16,4,,,,,,,,,,,,,,2,,,,,,,,
d3en.6xlarge,24,96,12 x 14 HDD,,40,"4,000",NA, NA ,NA, NA ,,,,,,,,,,,,,,,,,,,,,,,,,,,,"3,100"
r7iz.8xlarge,32,256,EBS-Only,,12.5,10,NA, NA ,NA, NA ,,,,,,,,,,,,,,,,,,,,,,,,,,,,
x2iezn.8xlarge,32,"1,024",EBS-Only,,75,12,NA, NA ,NA, NA ,,,,,,,,,,,,,,,,,,,,,,,,,,,,
g5g.8xlarge,32,64,,,12,9,NA, NA ,NA, NA ,,,,,,,,,,,,,,,,,,,,,,,,1,16,,,
Im4gn.8xlarge,32,128,2 x 7500 AWS Nitro SSD,,50,19,NA, NA ,NA, NA ,,,,,,,,,,,,,,,,,,,,,,,,,,,,
Is4gen.8xlarge,32,192,4 x 7500 AWS Nitro SSD,,50,19,NA, NA ,NA, NA ,,,,,,,,,,,,,,,,,,,,,,,,,,,,
d3en.8xlarge,32,128,16 x 14 HDD,,50,"5,000",NA, NA ,NA, NA ,,,,,,,,,,,,,,,,,,,,,,,,,,,,"4,100"
r7iz.12xlarge,48,384,EBS-Only,,25,19,NA, NA ,NA, NA ,,,,,,,,,,,,,,,,,,,,,,,,,,,,
x2iezn.12xlarge,48,"1,536",EBS-Only,,100,19,NA, NA ,NA, NA ,,,,,,,,,,,,,,,,,,,,,,,,,,,,
x2iezn.metal,48,"1,536",EBS-Only,,100,19,NA, NA ,NA, NA ,,,,,,,,,,,,,,,,,,,,,,,,,,,,
d3en.12xlarge,48,192,24 x 14 HDD,,75,"7,000",NA, NA ,NA, NA ,,,,,,,,,,,,,,,,,,,,,,,,,,,,"6,200"
r7iz.16xlarge,64,512,EBS-Only,,25,20,NA, NA ,NA, NA ,,,,,,,,,,,,,,,,,,,,,,,,,,,,
r7iz.metal-16xl,64,512,EBS-Only,,25,20,NA, NA ,NA, NA ,,,,,,,,,,,,,,,,,,,,,,,,,,,,
g5g.16xlarge,64,128,,,25,19,NA, NA ,NA, NA ,,,,,,,,,,,,,,,,,,,,,,,,2,32,,,
g5g.metal,64,128,,,25,19,NA, NA ,NA, NA ,,,,,,,,,,,,,,,,,,,,,,,,2,32,,,
f1.16xlarge,64,976,4 x 940,25,,,NA, NA ,NA, NA ,,,,,,,,,,,,,,,,8,,,,,,,,,,,,
Im4gn.16xlarge,64,256,4 x 7500 AWS Nitro SSD,,100,38,NA, NA ,NA, NA ,,,,,,,,,,,,,,,,,,,,,,,,,,,,
p4de.24xlarge(In preview),96,1152,8 x 1000 NVMe SSD,,400 ENA and EFA,19,NA, NA ,NA, NA ,8,,,,,,600 GB/s NVSwitch,Yes,,,,,,,,,,,,,,,,,640 GB HBM2e,,,
p3dn.24xlarge,96,768,2 x 900 NVMe SSD,100,NVLink,19,NA, NA ,NA, NA ,8,,,,,,,,,,,,,,,,,,,,,,,,256,,,
dl1.24xlarge,96,768,4 x 1000 NVMe SSD,,400,19,NA, NA ,NA, NA ,,,,100,,,,,,,,,,,,,,,,,8,,,,,,,
dl2q.24xlarge,96,768,EBS Only,,100,19,NA, NA ,NA, NA ,,,,,,,,,,,,,,,8,,,,128,,,,,,,No,,
vt1.24xlarge,96,192,,,25,19,NA, NA ,NA, NA ,,,,,64,16,,,,,,,,,,,,,,8,,,,,,,,
r7iz.32xlarge,128,"1,024",EBS-Only,,50,40,NA, NA ,NA, NA ,,,,,,,,,,,,,,,,,,,,,,,,,,,,
r7iz.metal-32xl,128,"1,024",EBS-Only,,50,40,NA, NA ,NA, NA ,,,,,,,,,,,,,,,,,,,,,,,,,,,,
trn1.32xl,128,512,4 x 2000 NVMe SSD,,800,80,NA, NA ,NA, NA ,,,,,,,,,,,,16,,,,,,,,,,512,,,,,,
trn1n32.xl,128,512,4 x 2000 NVMe SSD,,1600,80,NA, NA ,NA, NA ,,,,,,,,,,,,16,,,,,,,,,,512,,,,,,
u-6tb1.metal**,,"6,144",EBS-Only,,100,38,NA, NA ,NA, NA ,,,,,,,,,,,448,,,,,,,,,,,,,,,,,
u-9tb1.112xlarge,,"9,216",EBS-Only,,100,38,NA, NA ,NA, NA ,,,,,,,,,,,448,,,,,,,,,,,,,,,,,
u-9tb1.metal**,,"9,216",EBS-Only,,100,38,NA, NA ,NA, NA ,,,,,,,,,,,448,,,,,,,,,,,,,,,,,
u-12tb1.metal**,,"12,288",EBS-Only,,100,38,NA, NA ,NA, NA ,,,,,,,,,,,448,,,,,,,,,,,,,,,,,
u-18tb1.112xlarge,,"18,432",EBS-Only,,100,38,NA, NA ,NA, NA ,,,,,,,,,,,448,,,,,,,,,,,,,,,,,
u-18tb1.metal,,"18,432",EBS-Only,,100,38,NA, NA ,NA, NA ,,,,,,,,,,,448,,,,,,,,,,,,,,,,,
u-24tb1.112xlarge,,"24,576",EBS-Only,,100,38,NA, NA ,NA, NA ,,,,,,,,,,,448,,,,,,,,,,,,,,,,,
u-24tb1.metal,,"24,576",EBS-Only,,100,38,NA, NA ,NA, NA ,,,,,,,,,,,448,,,,,,,,,,,,,,,,,
hpc7g.4xlarge,,128,EBS-Only,,25,,NA, NA ,NA, NA ,,,,,,,,,,,,,,,,,16,,,,,,,,,,200,
hpc7g.8xlarge,,128,EBS-Only,,25,,NA, NA ,NA, NA ,,,,,,,,,,,,,,,,,32,,,,,,,,,,200,
hpc7g.16xlarge,,128,EBS-Only,,25,,NA, NA ,NA, NA ,,,,,,,,,,,,,,,,,64,,,,,,,,,,200,
p5.48xlarge,192,2000,8 x 3.84 NVMe SSD,,3200 Gbps EFAv2,80,72.2652," $ 52,030.94 ",48.95052," $ 35,244.37 ",8,,,,,,900 GB/s NVSwitch,Yes,,,,,,,,,,,,,,,,,640 GB HBM3,,,
u-12tb1.112xlarge,,"12,288",EBS-Only,,100,38,75.33926," $ 54,244.27 ",38.20471," $ 27,507.39 ",,,,,,,,,,,448,,,,,,,,,,,,,,,,,
u-6tb1.112xlarge,,"6,144",EBS-Only,,100,38,37.66963," $ 27,122.13 ",19.10236," $ 13,753.70 ",,,,,,,,,,,448,,,,,,,,,,,,,,,,,
u-6tb1.56xlarge,,"6,144",EBS-Only,,100,38,32.01498," $ 23,050.79 ",16.23487," $ 11,689.11 ",,,,,,,,,,,224,,,,,,,,,,,,,,,,,
p4d.24xlarge,96,1152,8 x 1000 NVMe SSD,,400 ENA and EFA,19,22.5965581," $ 16,269.52 ",13.6099801," $ 9,799.19 ",8,,,,,,600 GB/s NVSwitch,Yes,,,,,,,,,,,,,,,,,320 GB HBM2,,,
p3.16xlarge,64,488,EBS-Only,25,NVLink,14,17.945," $ 12,920.40 ",13.027," $ 9,379.44 ",8,,,,,,,,,,,,,,,,,,,,,,,,128,,,
u-3tb1.56xlarge,,"3,072",EBS-Only,,50,19,18.83482," $ 13,561.07 ",9.55118," $ 6,876.85 ",,,,,,,,,,,224,,,,,,,,,,,,,,,,,
x2iedn.32xlarge,128,"4,096",2 x 1900 NVMe SSD,,100,80,18.40431," $ 13,251.10 ",9.33287," $ 6,719.67 ",,,,,,,,,,,,,,,,,,,,,,,,,,,,
x2iedn.metal,128,"4,096",2 x 1900 NVMe SSD,,100,80,18.40431," $ 13,251.10 ",9.33287," $ 6,719.67 ",,,,,,,,,,,,,,,,,,,,,,,,,,,,
x1e.32xlarge,128,"3,904","2 x 1,920",25,"14,000",,17.652," $ 12,709.44 ",8.952," $ 6,445.44 ",,,,,,,,,,,,,,,,,,,,,,,,,,,,
g5.48xlarge,192,768,2x 3800 NVME SSD,,100,19,11.97168," $ 8,619.61 ",7.98112," $ 5,746.41 ",8,,,,,,,,,,,,,,,,,,,,,,,,192,,,
p2.16xlarge,64,732,,25,,,10.549," $ 7,595.28 ",7.664," $ 5,518.08 ",16,,,,,,,,,,,,,,,,,,,,,,,,192,,,
x2iedn.24xlarge,96,"3,072",2 x 1425 NVMe SSD,,75,60,13.80323," $ 9,938.33 ",6.99965," $ 5,039.75 ",,,,,,,,,,,,,,,,,,,,,,,,,,,,
r7a.48xlarge,192,"1,536",EBS-Only,,50,40,9.87685," $ 7,111.33 ",6.91379," $ 4,977.93 ",,,,,,,,,,,,,,,,,,,,,,,,,,,,
r7a.metal-48xl,192,"1,536",EBS-Only,,50,40,9.87685," $ 7,111.33 ",6.91379," $ 4,977.93 ",,,,,,,,,,,,,,,,,,,,,,,,,,,,
p3.8xlarge,32,244,EBS-Only,10,NVLink,7,8.972," $ 6,459.84 ",6.513," $ 4,689.36 ",4,,,,,,,,,,,,,,,,,,,,,,,,64,,,
inf2.48xlarge,192,768,EBS Only,,100,60,9.54123," $ 6,869.69 ",6.36082," $ 4,579.79 ",,,,,,,,,,,,,12,,,,,,,,,384,,,,Yes,,
r7i.48xlarge,192,"1,536",EBS-Only,,50,40,8.58828," $ 6,183.56 ",6.0118," $ 4,328.50 ",,,,,,,,,,,,,,,,,,,,,,,,,,,,
r7i.metal-48xl,192,"1,536",EBS-Only,,50,40,8.58828," $ 6,183.56 ",6.0118," $ 4,328.50 ",,,,,,,,,,,,,,,,,,,,,,,,,,,,
i4i.metal,128,"1,024",8 x 3750 AWS Nitro SSD,,75,40,7.982," $ 5,747.04 ",5.532," $ 3,983.04 ",,,,,,,,,,,,,,,,,,,,,,,,,,,,
i4i.32xlarge,128,"1,024",8 x 3750 AWS Nitro SSD,,75,40,7.98174," $ 5,746.85 ",5.5319," $ 3,982.97 ",,,,,,,,,,,,,,,,,,,,,,,,,,,,
r6idn.32xlarge,128,"1,024",4x1900 NVMe SSD,,200****,100,8.45585," $ 6,088.21 ",5.30513," $ 3,819.69 ",,,,,,,,,,,,,,,,,,,,,,,,,,,,
r6idn.metal,128,"1,024",4x1900 NVMe SSD,,200****,100,8.45585," $ 6,088.21 ",5.30513," $ 3,819.69 ",,,,,,,,,,,,,,,,,,,,,,,,,,,,
r6a.48xlarge,192,1536,EBS-Only,,50,40,7.36138," $ 5,300.19 ",5.15297," $ 3,710.14 ",,,,,,,,,,,,,,,,,,,,,,,,,,,,
r6a.metal,192,1536,EBS-Only,,50,40,7.36138," $ 5,300.19 ",5.15297," $ 3,710.14 ",,,,,,,,,,,,,,,,,,,,,,,,,,,,
m7a.48xlarge,192,768,EBS-Only,,50,40,7.63076," $ 5,494.15 ",5.12112," $ 3,687.21 ",,,,,,,,,,,,,,,,,,,,,,,,,,,,
m7a.metal-48xl,192,768,EBS-Only,,50,40,7.63076," $ 5,494.15 ",5.12112," $ 3,687.21 ",,,,,,,,,,,,,,,,,,,,,,,,,,,,
i3en.24xlarge,96,768,8 x 7500 NVMe SSD,,100,7.99,7.985," $ 5,749.20 ",4.934," $ 3,552.48 ",,,,,,,,,,,,,,,,,,,,,,,,,,,,
i3en.metal,96,768,8 x 7500 NVMe SSD,,100,7.99,7.985," $ 5,749.20 ",4.934," $ 3,552.48 ",,,,,,,,,,,,,,,,,,,,,,,,,,,,
r6in.32xlarge,128,"1,024",EBS-Only,,200****,100,7.54444," $ 5,432.00 ",4.72348," $ 3,400.91 ",,,,,,,,,,,,,,,,,,,,,,,,,,,,
r6in.metal,128,"1,024",EBS-Only,,200****,100,7.54444," $ 5,432.00 ",4.72348," $ 3,400.91 ",,,,,,,,,,,,,,,,,,,,,,,,,,,,
x2iedn.16xlarge,64,"2,048",1 x 1900 NVMe SSD,,50,40,9.20215," $ 6,625.55 ",4.66643," $ 3,359.83 ",,,,,,,,,,,,,,,,,,,,,,,,,,,,
x2idn.32xlarge,128,"2,048",2 x 1900 NVMe SSD,,100,80,9.20215," $ 6,625.55 ",4.66643," $ 3,359.83 ",,,,,,,,,,,,,,,,,,,,,,,,,,,,
x2idn.metal,128,"2,048",2 x 1900 NVMe SSD,,100,80,9.20215," $ 6,625.55 ",4.66643," $ 3,359.83 ",,,,,,,,,,,,,,,,,,,,,,,,,,,,
r7a.32xlarge,128,"1,024",EBS-Only,,50,40,6.58457," $ 4,740.89 ",4.6092," $ 3,318.62 ",,,,,,,,,,,,,,,,,,,,,,,,,,,,
r6id.32xlarge,128,"1,024",4x1900 NVMe SSD,,50,40,6.55267," $ 4,717.92 ",4.51113," $ 3,248.01 ",,,,,,,,,,,,,,,,,,,,,,,,,,,,
r6id.metal,128,"1,024",4x1900 NVMe SSD,,50,40,6.55267," $ 4,717.92 ",4.51113," $ 3,248.01 ",,,,,,,,,,,,,,,,,,,,,,,,,,,,
x1e.16xlarge,64,"1,952","1 x 1,920",10,"7,000",,8.826," $ 6,354.72 ",4.476," $ 3,222.72 ",,,,,,,,,,,,,,,,,,,,,,,,,,,,
x1.32xlarge,128,"1,952","2 x 1,920",25,"14,000",,8.822," $ 6,351.84 ",4.474," $ 3,221.28 ",,,,,,,,,,,,,,,,,,,,,,,,,,,,
m7i.48xlarge,192,768,EBS-Only,,50,40,6.63544," $ 4,777.52 ",4.45315," $ 3,206.27 ",,,,,,,,,,,,,,,,,,,,,,,,,,,,
m7i.metal-48xl,192,768,EBS-Only,,50,40,6.63544," $ 4,777.52 ",4.45315," $ 3,206.27 ",,,,,,,,,,,,,,,,,,,,,,,,,,,,
c7a.48xlarge,192,384,EBS-Only,,50,40,6.6459," $ 4,785.05 ",4.31698," $ 3,108.23 ",,,,,,,,,,,,,,,,,,,,,,,,,,,,
c7a.metal-48xl,192,384,EBS-Only,,50,40,6.6459," $ 4,785.05 ",4.31698," $ 3,108.23 ",,,,,,,,,,,,,,,,,,,,,,,,,,,,
hpc7a.12xlarge,,768,EBS-Only,,25,,6.3504," $ 4,572.29 ",4.2336," $ 3,048.19 ",,,,,,,,,,,,,,,,,24,,,,,,,,,,300,
hpc7a.24xlarge,,768,EBS-Only,,25,,6.3504," $ 4,572.29 ",4.2336," $ 3,048.19 ",,,,,,,,,,,,,,,,,48,,,,,,,,,,300,
hpc7a.48xlarge,,768,EBS-Only,,25,,6.3504," $ 4,572.29 ",4.2336," $ 3,048.19 ",,,,,,,,,,,,,,,,,96,,,,,,,,,,300,
hpc7a.96xlarge,,768,EBS-Only,,25,,6.3504," $ 4,572.29 ",4.2336," $ 3,048.19 ",,,,,,,,,,,,,,,,,192,,,,,,,,,,300,
i4i.24xlarge,96,768,6 x 3750 AWS Nitro SSD,,56.25,30,5.98631," $ 4,310.14 ",4.14893," $ 2,987.23 ",,,,,,,,,,,,,,,,,,,,,,,,,,,,
m6idn.32xlarge,128,512,4x1900 NVMe SSD,,200****,100,6.94608," $ 5,001.18 ",4.13072," $ 2,974.12 ",,,,,,,,,,,,,,,,,,,,,,,,,,,,
m6idn.metal,128,512,4x1900 NVMe SSD,,200****,100,6.94608," $ 5,001.18 ",4.13072," $ 2,974.12 ",,,,,,,,,,,,,,,,,,,,,,,,,,,,
g5.24xlarge,96,384,1 x 3800 NVMe SSD,,50,19,5.98584," $ 4,309.80 ",3.99056," $ 2,873.20 ",4,,,,,,,,,,,,,,,,,,,,,,,,96,,,
r6idn.24xlarge,96,768,4x1425 NVMe SSD,,150,75,6.34189," $ 4,566.16 ",3.97885," $ 2,864.77 ",,,,,,,,,,,,,,,,,,,,,,,,,,,,
p2.8xlarge,32,488,,10,,,5.274," $ 3,797.28 ",3.832," $ 2,759.04 ",8,,,,,,,,,,,,,,,,,,,,,,,,96,,,
r6i.32xlarge,128,"1,024",EBS-Only,,50,40,5.45288," $ 3,926.07 ",3.81701," $ 2,748.25 ",,,,,,,,,,,,,,,,,,,,,,,,,,,,
r6i.metal,128,"1,024",EBS-Only,,50,40,5.45288," $ 3,926.07 ",3.81701," $ 2,748.25 ",,,,,,,,,,,,,,,,,,,,,,,,,,,,
m6a.48xlarge,192,768,EBS-Only,,50,40,5.68754," $ 4,095.03 ",3.81701," $ 2,748.25 ",,,,,,,,,,,,,,,,,,,,,,,,,,,,
m6a.metal,192,768,EBS-Only,,50,40,5.68754," $ 4,095.03 ",3.81701," $ 2,748.25 ",,,,,,,,,,,,,,,,,,,,,,,,,,,,
c7i.48xlarge,192,384,EBS-Only,,50,40,5.7789," $ 4,160.81 ",3.7538," $ 2,702.74 ",,,,,,,,,,,,,,,,,,,,,,,,,,,,
c7i.metal-48xl,192,384,EBS-Only,,50,40,5.7789," $ 4,160.81 ",3.7538," $ 2,702.74 ",,,,,,,,,,,,,,,,,,,,,,,,,,,,
g4dn.metal,96,384,2 x 900 NVMe SSD,100,,19,5.291," $ 3,809.52 ",3.68," $ 2,649.60 ",8,,,,,,,,,,,,,,,,,,,,,,,,128,,,
m6in.32xlarge,128,512,EBS-Only,,200****,100,6.06822," $ 4,369.12 ",3.58033," $ 2,577.84 ",,,,,,,,,,,,,,,,,,,,,,,,,,,,
m6in.metal,128,512,EBS-Only,,200****,100,6.06822," $ 4,369.12 ",3.58033," $ 2,577.84 ",,,,,,,,,,,,,,,,,,,,,,,,,,,,
r6in.24xlarge,96,768,EBS-Only,,150,75,5.65833," $ 4,074.00 ",3.54261," $ 2,550.68 ",,,,,,,,,,,,,,,,,,,,,,,,,,,,
x2idn.24xlarge,96,"1,536",2 x 1425 NVMe SSD,,75,60,6.90161," $ 4,969.16 ",3.49982," $ 2,519.87 ",,,,,,,,,,,,,,,,,,,,,,,,,,,,
m6id.32xlarge,128,512,4x1900 NVMe SSD,,50,40,5.19011," $ 3,736.88 ",3.46798," $ 2,496.95 ",,,,,,,,,,,,,,,,,,,,,,,,,,,,
m6id.metal,128,512,4x1900 NVMe SSD,,50,40,5.19011," $ 3,736.88 ",3.46798," $ 2,496.95 ",,,,,,,,,,,,,,,,,,,,,,,,,,,,
r7a.24xlarge,96,768,EBS-Only,,37.5,30,4.93842," $ 3,555.66 ",3.4569," $ 2,488.97 ",,,,,,,,,,,,,,,,,,,,,,,,,,,,
r6a.32xlarge,128,1024,EBS-Only,,50,40,4.90759," $ 3,533.46 ",3.43531," $ 2,473.42 ",,,,,,,,,,,,,,,,,,,,,,,,,,,,
m7a.32xlarge,128,512,EBS-Only,,50,40,5.08717," $ 3,662.76 ",3.41408," $ 2,458.14 ",,,,,,,,,,,,,,,,,,,,,,,,,,,,
r5dn.24xlarge,96,768,4 x 900 NVMe SSD,100,,"19,000",5.42," $ 3,902.40 ",3.402," $ 2,449.44 ",,,,,,,,,,,,,,,,,,,,,,,,,,,,
r5dn.metal,96*,768,4 x 900 NVMe SSD,100,,"19,000",5.42042," $ 3,902.70 ",3.40151," $ 2,449.09 ",,,,,,,,,,,,,,,,,,,,,,,,,,,,
r6id.24xlarge,96,768,4x1425 NVMe SSD,,37.5,30,4.9145," $ 3,538.44 ",3.38335," $ 2,436.01 ",,,,,,,,,,,,,,,,,,,,,,,,,,,,
r5d.24xlarge,96,768,4 x 900 NVMe SSD,25,,"19,000",4.682," $ 3,371.04 ",3.23," $ 2,325.60 ",,,,,,,,,,,,,,,,,,,,,,,,,,,,
r5d.metal,96*,768,4 x 900 NVMe SSD,25,,"19,000",4.682," $ 3,371.04 ",3.23," $ 2,325.60 ",,,,,,,,,,,,,,,,,,,,,,,,,,,,
c6a.48xlarge,192,384,EBS-Only,,50,40,4.95331," $ 3,566.38 ",3.21754," $ 2,316.63 ",,,,,,,,,,,,,,,,,,,,,,,,,,,,
c6a.metal,192,384,EBS-Only,,50,40,4.95331," $ 3,566.38 ",3.21754," $ 2,316.63 ",,,,,,,,,,,,,,,,,,,,,,,,,,,,
inf2.24xlarge,96,384,EBS Only,,50,30,4.77062," $ 3,434.85 ",3.18041," $ 2,289.90 ",,,,,,,,,,,,,6,,,,,,,,,192,,,,Yes,,
m6idn.24xlarge,96,384,4x1425 NVMe SSD,,150,75,5.20956," $ 3,750.88 ",3.09804," $ 2,230.59 ",,,,,,,,,,,,,,,,,,,,,,,,,,,,
hpc6id.32xlarge,,1024,4 x 3800 (NVMe SSD),,25,,4.29005," $ 3,088.84 ",3.07789," $ 2,216.08 ",,,,,,,,,,,,,,,,,,64,,,,,,,,,200,
r5n.24xlarge,96,768,EBS-Only,100,,"19,000",4.836," $ 3,481.92 ",3.028," $ 2,180.16 ",,,,,,,,,,,,,,,,,,,,,,,,,,,,
r5n.metal,96*,768,EBS-Only,100,,"19,000",4.836," $ 3,481.92 ",3.028," $ 2,180.16 ",,,,,,,,,,,,,,,,,,,,,,,,,,,,
r5b.24xlarge,96,768,EBS-Only,25,,"60,000",4.8361824," $ 3,482.05 ",3.0278707," $ 2,180.07 ",,,,,,,,,,,,,,,,,,,,,,,,,,,,
r5b.metal,96*,768,EBS-Only,25,,"60,000",4.8361824," $ 3,482.05 ",3.0278707," $ 2,180.07 ",,,,,,,,,,,,,,,,,,,,,,,,,,,,
r7i.24xlarge,96,768,EBS-Only,,37.5,30,4.29414," $ 3,091.78 ",3.0059," $ 2,164.25 ",,,,,,,,,,,,,,,,,,,,,,,,,,,,
r7i.metal-24xl,96,768,EBS-Only,,37.5,30,4.29414," $ 3,091.78 ",3.0059," $ 2,164.25 ",,,,,,,,,,,,,,,,,,,,,,,,,,,,
r5ad.24xlarge,96,768,4 x 900 NVMe SSD,20,,"13,570",4.27," $ 3,074.40 ",2.939," $ 2,116.08 ",,,,,,,,,,,,,,,,,,,,,,,,,,,,
c7a.32xlarge,128,256,EBS-Only,,50,40,4.4306," $ 3,190.03 ",2.87798," $ 2,072.15 ",,,,,,,,,,,,,,,,,,,,,,,,,,,,
r5.24xlarge,96,768,EBS-Only,25,,"19,000",4.09," $ 2,944.80 ",2.863," $ 2,061.36 ",,,,,,,,,,,,,,,,,,,,,,,,,,,,
r5.metal,96*,768,EBS-Only,25,,"19,000",4.09," $ 2,944.80 ",2.863," $ 2,061.36 ",,,,,,,,,,,,,,,,,,,,,,,,,,,,
r6i.24xlarge,96,768,EBS-Only,,37.5,30,4.08966," $ 2,944.56 ",2.86276," $ 2,061.19 ",,,,,,,,,,,,,,,,,,,,,,,,,,,,
c6id.32xlarge,128,256,4x1900 NVMe SSD,,50,40,4.3465," $ 3,129.48 ",2.83181," $ 2,038.90 ",,,,,,,,,,,,,,,,,,,,,,,,,,,,
c6id.metal,128,256,4x1900 NVMe SSD,,50,40,4.3465," $ 3,129.48 ",2.83181," $ 2,038.90 ",,,,,,,,,,,,,,,,,,,,,,,,,,,,
m6i.32xlarge,128,512,EBS-Only,,50,40,4.213," $ 3,033.36 ",2.82742," $ 2,035.74 ",,,,,,,,,,,,,,,,,,,,,,,,,,,,
m6i.metal,128,512,EBS-Only,,50,40,4.213," $ 3,033.36 ",2.82742," $ 2,035.74 ",,,,,,,,,,,,,,,,,,,,,,,,,,,,
g5.12xlarge,48,192,1 x 3800 NVMe SSD,,40,16,4.16892," $ 3,001.62 ",2.77928," $ 2,001.08 ",4,,,,,,,,,,,,,,,,,,,,,,,,96,,,
i4i.16xlarge,64,512,4 x 3750 AWS Nitro SSD,,37.5,20,3.991," $ 2,873.52 ",2.766," $ 1,991.52 ",,,,,,,,,,,,,,,,,,,,,,,,,,,,
c6in.32xlarge,128,256,EBS-Only,,200****,100,4.90759," $ 3,533.46 ",2.75394," $ 1,982.84 ",,,,,,,,,,,,,,,,,,,,,,,,,,,,
c6in.metal,128,256,EBS-Only,,200****,100,4.90759," $ 3,533.46 ",2.75394," $ 1,982.84 ",,,,,,,,,,,,,,,,,,,,,,,,,,,,
m6in.24xlarge,96,384,EBS-Only,,150,75,4.55116," $ 3,276.84 ",2.68525," $ 1,933.38 ",,,,,,,,,,,,,,,,,,,,,,,,,,,,
r6idn.16xlarge,64,512,2x1900 NVMe SSD,,100,50,4.22793," $ 3,044.11 ",2.65256," $ 1,909.84 ",,,,,,,,,,,,,,,,,,,,,,,,,,,,
m5dn.24xlarge,96,384,4 x 900 NVMe SSD,,100,"19,000",4.453," $ 3,206.16 ",2.649," $ 1,907.28 ",,,,,,,,,,,,,,,,,,,,,,,,,,,,
m5dn.metal,96*,384,4 x 900 NVMe SSD,,100,"19,000",4.453," $ 3,206.16 ",2.649," $ 1,907.28 ",,,,,,,,,,,,,,,,,,,,,,,,,,,,
m6id.24xlarge,96,384,4x1425 NVMe SSD,,37.5,30,3.89258," $ 2,802.66 ",2.60098," $ 1,872.71 ",,,,,,,,,,,,,,,,,,,,,,,,,,,,
r6a.24xlarge,96,768,EBS-Only,,37.5,30,3.68069," $ 2,650.10 ",2.57648," $ 1,855.07 ",,,,,,,,,,,,,,,,,,,,,,,,,,,,
r5a.24xlarge,96,768,EBS-Only,20,,"13,570",3.678," $ 2,648.16 ",2.567," $ 1,848.24 ",,,,,,,,,,,,,,,,,,,,,,,,,,,,
m7a.24xlarge,96,384,EBS-Only,,37.5,30,3.81538," $ 2,747.07 ",2.56056," $ 1,843.60 ",,,,,,,,,,,,,,,,,,,,,,,,,,,,
m6a.32xlarge,128,512,EBS-Only,,50,40,3.7917," $ 2,730.02 ",2.54467," $ 1,832.16 ",,,,,,,,,,,,,,,,,,,,,,,,,,,,
i3.16xlarge,64,488,8 x 1900 NVMe SSD,25,,3.68,3.679," $ 2,648.88 ",2.525," $ 1,818.00 ",,,,,,,,,,,,,,,,,,,,,,,,,,,,
i3.metal,72**,512,8 x 1900 NVMe SSD,25,,3.68,3.679," $ 2,648.88 ",2.525," $ 1,818.00 ",,,,,,,,,,,,,,,,,,,,,,,,,,,,
i4g.16xlarge,64,512,"4 x 3,750 GB = 15,000 GB",,37.5,20,3.59166," $ 2,586.00 ",2.48936," $ 1,792.34 ",,,,,,,,,,,,,,,,,,,,,,,,,,,,
m5d.24xlarge,96,384,4 x 900 NVMe SSD,,25,"19,000",3.707," $ 2,669.04 ",2.477," $ 1,783.44 ",,,,,,,,,,,,,,,,,,,,,,,,,,,,
m5d.metal,96*,384,4 x 900 NVMe SSD,,25,"19,000",3.707," $ 2,669.04 ",2.477," $ 1,783.44 ",,,,,,,,,,,,,,,,,,,,,,,,,,,,
i3en.12xlarge,48,384,4 x 7500 NVMe SSD,,50,3.99,3.993," $ 2,874.96 ",2.467," $ 1,776.24 ",,,,,,,,,,,,,,,,,,,,,,,,,,,,
d2.8xlarge,36,244,24 x 2000 HDD,10 Gbps,,3.11,3.111," $ 2,239.92 ",2.426," $ 1,746.72 ",,,,,,,,,,,,,,,,,,,,,,,,,,,,
g3.16xlarge,64,488,,25,3.34,2.43,3.3404," $ 2,405.09 ",2.4252," $ 1,746.14 ",4,,,,,,,,,,,,,,,,,,,,,,,,32,,,
c6i.32xlarge,128,256,EBS-Only,,50,40,3.66912," $ 2,641.77 ",2.38336," $ 1,716.02 ",,,,,,,,,,,,,,,,,,,,,,,,,,,,
c6i.metal,128,256,EBS-Only,,50,40,3.66912," $ 2,641.77 ",2.38336," $ 1,716.02 ",,,,,,,,,,,,,,,,,,,,,,,,,,,,
inf1.24xlarge,96,192,EBS only,,100,19,3.193," $ 2,298.96 ",2.366," $ 1,703.52 ",,,,,,,,,,,,,,16,,,,,,,,,,,,Yes,,
r6in.16xlarge,64,512,EBS-Only,,100,50,3.77222," $ 2,716.00 ",2.36174," $ 1,700.45 ",,,,,,,,,,,,,,,,,,,,,,,,,,,,
x2iedn.8xlarge,32,"1,024",1 x 950 NVMe SSD,,25,20,4.60108," $ 3,312.78 ",2.33322," $ 1,679.92 ",,,,,,,,,,,,,,,,,,,,,,,,,,,,
x2idn.16xlarge,64,"1,024",1 x 1900 NVMe SSD,,50,40,4.60108," $ 3,312.78 ",2.33322," $ 1,679.92 ",,,,,,,,,,,,,,,,,,,,,,,,,,,,
r7a.16xlarge,64,512,EBS-Only,,25,20,3.29228," $ 2,370.44 ",2.3046," $ 1,659.31 ",,,,,,,,,,,,,,,,,,,,,,,,,,,,
m5n.24xlarge,96,384,EBS-Only,,100,"19,000",3.89," $ 2,800.80 ",2.295," $ 1,652.40 ",,,,,,,,,,,,,,,,,,,,,,,,,,,,
m5n.metal,96*,384,EBS-Only,,100,"19,000",3.89," $ 2,800.80 ",2.295," $ 1,652.40 ",,,,,,,,,,,,,,,,,,,,,,,,,,,,
r5dn.16xlarge,64,512,4 x 600 NVMe SSD,75,,"13,600",3.614," $ 2,602.08 ",2.268," $ 1,632.96 ",,,,,,,,,,,,,,,,,,,,,,,,,,,,
m5ad.24xlarge,96,384,4 x 900 NVMe SSD,,20,"13,570",3.392," $ 2,442.24 ",2.263," $ 1,629.36 ",,,,,,,,,,,,,,,,,,,,,,,,,,,,
r6id.16xlarge,64,512,2x1900 NVMe SSD,,25,20,3.27633," $ 2,358.96 ",2.25557," $ 1,624.01 ",,,,,,,,,,,,,,,,,,,,,,,,,,,,
x1e.8xlarge,32,976,1 x 960,Up to 10,"3,500",,4.413," $ 3,177.36 ",2.238," $ 1,611.36 ",,,,,,,,,,,,,,,,,,,,,,,,,,,,
x1.16xlarge,64,976,"1 x 1,920",10,"7,000",,4.411," $ 3,175.92 ",2.237," $ 1,610.64 ",,,,,,,,,,,,,,,,,,,,,,,,,,,,
m7i.24xlarge,96,384,EBS-Only,,37.5,30,3.31772," $ 2,388.76 ",2.22658," $ 1,603.14 ",,,,,,,,,,,,,,,,,,,,,,,,,,,,
m7i.metal-24xl,96,384,EBS-Only,,37.5,30,3.31772," $ 2,388.76 ",2.22658," $ 1,603.14 ",,,,,,,,,,,,,,,,,,,,,,,,,,,,
c7a.24xlarge,96,192,EBS-Only,,37.5,30,3.32295," $ 2,392.52 ",2.15849," $ 1,554.11 ",,,,,,,,,,,,,,,,,,,,,,,,,,,,
r5d.16xlarge,64,512,4 x 600 NVMe SSD,20,,"13,600",3.121," $ 2,247.12 ",2.153," $ 1,550.16 ",,,,,,,,,,,,,,,,,,,,,,,,,,,,
c6a.32xlarge,128,256,EBS-Only,,50,40,3.30221," $ 2,377.59 ",2.14502," $ 1,544.41 ",,,,,,,,,,,,,,,,,,,,,,,,,,,,
c6id.24xlarge,96,192,4x1425 NVMe SSD,,37.5,30,3.25987," $ 2,347.11 ",2.12386," $ 1,529.18 ",,,,,,,,,,,,,,,,,,,,,,,,,,,,
m5.24xlarge,96,384,EBS-Only,,25,"19,000",3.16," $ 2,275.20 ",2.121," $ 1,527.12 ",,,,,,,,,,,,,,,,,,,,,,,,,,,,
m5.metal,96*,384,EBS-Only,,25,"19,000",3.16," $ 2,275.20 ",2.121," $ 1,527.12 ",,,,,,,,,,,,,,,,,,,,,,,,,,,,
m6i.24xlarge,96,384,EBS-Only,,37.5,30,3.15975," $ 2,275.02 ",2.12056," $ 1,526.80 ",,,,,,,,,,,,,,,,,,,,,,,,,,,,
i4i.12xlarge,48,384,3 x 3750 AWS Nitro SSD,,28.12,15,2.993," $ 2,154.96 ",2.074," $ 1,493.28 ",,,,,,,,,,,,,,,,,,,,,,,,,,,,
c6in.24xlarge,96,192,EBS-Only,,150,75,3.68069," $ 2,650.10 ",2.06545," $ 1,487.12 ",,,,,,,,,,,,,,,,,,,,,,,,,,,,
m6idn.16xlarge,64,256,2x1900 NVMe SSD,,100,50,3.47304," $ 2,500.59 ",2.06536," $ 1,487.06 ",,,,,,,,,,,,,,,,,,,,,,,,,,,,
g4dn.16xlarge,64,256,1 x 900 NVMe SSD,50,,9.5,2.943," $ 2,118.96 ",2.047," $ 1,473.84 ",1,,,,,,,,,,,,,,,,,,,,,,,,16,,,
r7gd.16xlarge,64,512,2 x 1900 NVMe SSD,,30,20,2.9487," $ 2,123.06 ",2.03," $ 1,461.60 ",,,,,,,,,,,,,,,,,,,,,,,,,,,,
r5n.16xlarge,64,512,EBS Only,75,,"13,600",3.224," $ 2,321.28 ",2.019," $ 1,453.68 ",,,,,,,,,,,,,,,,,,,,,,,,,,,,
c5d.24xlarge,96,192,4 x 900 NVMe SSD,,25,"19,000",3.12," $ 2,246.40 ",2.019," $ 1,453.68 ",,,,,,,,,,,,,,,,,,,,,,,,,,,,
c5d.metal,96,192,4 x 900 NVMe SSD,,25,"19,000",3.12," $ 2,246.40 ",2.019," $ 1,453.68 ",,,,,,,,,,,,,,,,,,,,,,,,,,,,
r5b.16xlarge,64,512,EBS Only,20,,"40,000",3.2241216," $ 2,321.37 ",2.0185805," $ 1,453.38 ",,,,,,,,,,,,,,,,,,,,,,,,,,,,
g5.16xlarge,64,256,1 x 1900 NVMe SSD,,25,16,3.01056," $ 2,167.60 ",2.00704," $ 1,445.07 ",1,,,,,,,,,,,,,,,,,,,,,,,,24,,,
r7i.16xlarge,64,512,EBS-Only,,25,20,2.86276," $ 2,061.19 ",2.00393," $ 1,442.83 ",,,,,,,,,,,,,,,,,,,,,,,,,,,,
r6idn.12xlarge,48,384,2x1425 NVMe SSD,,75,37.5,3.17095," $ 2,283.08 ",1.98942," $ 1,432.38 ",,,,,,,,,,,,,,,,,,,,,,,,,,,,
x2gd.16xlarge,64,1024,2x1900 NVMe SSD,,25,19,3.6885," $ 2,655.72 ",1.988," $ 1,431.36 ",,,,,,,,,,,,,,,,,,,,,,,,,,,,
x2gd.metal,64,1024,2x1900 NVMe SSD,,25,19,3.6885," $ 2,655.72 ",1.988," $ 1,431.36 ",,,,,,,,,,,,,,,,,,,,,,,,,,,,
r5ad.16xlarge,64,512,4 x 600 NVMe SSD,12,,"9,500",2.847," $ 2,049.84 ",1.96," $ 1,411.20 ",,,,,,,,,,,,,,,,,,,,,,,,,,,,
z1d.12xlarge,48,384,2 x 900 NVMe SSD,25,,3.03,3.031," $ 2,182.32 ",1.925," $ 1,386.00 ",,,,,,,,,,,,,,,,,,,,,,,,,,,,
z1d.metal,48*,384,2 x 900 NVMe SSD,25,,3.03,3.031," $ 2,182.32 ",1.925," $ 1,386.00 ",,,,,,,,,,,,,,,,,,,,,,,,,,,,
r4.16xlarge,64,488,EBS-Only,25,,2.89,2.885," $ 2,077.20 ",1.9114," $ 1,376.21 ",,,,,,,,,,,,,,,,,,,,,,,,,,,,
r5.16xlarge,64,512,EBS Only,20,,"13,600",2.726," $ 1,962.72 ",1.909," $ 1,374.48 ",,,,,,,,,,,,,,,,,,,,,,,,,,,,
r6i.16xlarge,64,512,EBS-Only,,25,20,2.72644," $ 1,963.04 ",1.90851," $ 1,374.13 ",,,,,,,,,,,,,,,,,,,,,,,,,,,,
m6a.24xlarge,96,384,EBS-Only,,37.5,30,2.84377," $ 2,047.51 ",1.90851," $ 1,374.13 ",,,,,,,,,,,,,,,,,,,,,,,,,,,,
g4ad.16xlarge,64,256,1 x 2400 NVMe SSD,,25,6,2.44631," $ 1,761.34 ",1.90399," $ 1,370.87 ",4,,,,,,,,,,,,,,,,,,,,,,,,32,,,
m5a.24xlarge,96,384,EBS-Only,,20,"13,570",2.82," $ 2,030.40 ",1.893," $ 1,362.96 ",,,,,,,,,,,,,,,,,,,,,,,,,,,,
h1.16xlarge,64,256,8 x 2000 HDD,25,,,2.731," $ 1,966.32 ",1.887," $ 1,358.64 ",,,,,,,,,,,,,,,,,,,,,,,,,,,,
d3.8xlarge,32,256,24 x 2 HDD,,25,"5,000",2.81924," $ 2,029.85 ",1.87949," $ 1,353.23 ",,,,,,,,,,,,,,,,,,,,,,,,,,,,"4,600"
c7i.24xlarge,96,192,EBS-Only,,37.5,30,2.88945," $ 2,080.40 ",1.8769," $ 1,351.37 ",,,,,,,,,,,,,,,,,,,,,,,,,,,,
c7i.metal-24xl,96,192,EBS-Only,,37.5,30,2.88945," $ 2,080.40 ",1.8769," $ 1,351.37 ",,,,,,,,,,,,,,,,,,,,,,,,,,,,
m5zn.12xlarge,48,192,EBS-Only,,100,"19,000",2.7971," $ 2,013.91 ",1.8647," $ 1,342.58 ",,,,,,,,,,,,,,,,,,,,,,,,,,,,
m5zn.metal,48,192,EBS-Only,,100,"19,000",2.7971," $ 2,013.91 ",1.8647," $ 1,342.58 ",,,,,,,,,,,,,,,,,,,,,,,,,,,,
g4dn.12xlarge,48,192,1 x 900 NVMe SSD,50,,9.5,2.645," $ 1,904.40 ",1.84," $ 1,324.80 ",4,,,,,,,,,,,,,,,,,,,,,,,,64,,,
c5ad.24xlarge,96,192,2 x 1900 NVMe SSD,,20,"9,500",2.787," $ 2,006.64 ",1.812," $ 1,304.64 ",,,,,,,,,,,,,,,,,,,,,,,,,,,,
m6in.16xlarge,64,256,EBS-Only,,100,50,3.03411," $ 2,184.56 ",1.79016," $ 1,288.92 ",,,,,,,,,,,,,,,,,,,,,,,,,,,,
c6i.24xlarge,96,192,EBS-Only,,37.5,30,2.75184," $ 1,981.32 ",1.78752," $ 1,287.01 ",,,,,,,,,,,,,,,,,,,,,,,,,,,,
c5.24xlarge,96,192,EBS-Only,,25,"19,000",2.759," $ 1,986.48 ",1.787," $ 1,286.64 ",,,,,,,,,,,,,,,,,,,,,,,,,,,,
c5.metal,96,192,EBS-Only,,25,"19,000",2.759," $ 1,986.48 ",1.787," $ 1,286.64 ",,,,,,,,,,,,,,,,,,,,,,,,,,,,
r6in.12xlarge,48,384,EBS-Only,,75,37.5,2.82917," $ 2,037.00 ",1.7713," $ 1,275.34 ",,,,,,,,,,,,,,,,,,,,,,,,,,,,
m5dn.16xlarge,64,256,4 x 600 NVMe SSD,,75,"13,600",2.968," $ 2,136.96 ",1.766," $ 1,271.52 ",,,,,,,,,,,,,,,,,,,,,,,,,,,,
m6id.16xlarge,64,256,2x1900 NVMe SSD,,25,20,2.59506," $ 1,868.44 ",1.73399," $ 1,248.47 ",,,,,,,,,,,,,,,,,,,,,,,,,,,,
r7a.12xlarge,48,384,EBS-Only,,18.75,15,2.46921," $ 1,777.83 ",1.72845," $ 1,244.48 ",,,,,,,,,,,,,,,,,,,,,,,,,,,,
r6a.16xlarge,64,512,EBS-Only,,25,20,2.45379," $ 1,766.73 ",1.71766," $ 1,236.72 ",,,,,,,,,,,,,,,,,,,,,,,,,,,,
r6gd.16xlarge,64,512,2 x 1900 NVMe SSD,,25,"19,000",2.5032," $ 1,802.30 ",1.7142," $ 1,234.22 ",,,,,,,,,,,,,,,,,,,,,,,,,,,,
r6gd.metal,64,512,2 x 1900 NVMe SSD,,25,"19,000",2.5032," $ 1,802.30 ",1.7142," $ 1,234.22 ",,,,,,,,,,,,,,,,,,,,,,,,,,,,
r5a.16xlarge,64,512,EBS-Only,12,,"9,500",2.452," $ 1,765.44 ",1.712," $ 1,232.64 ",,,,,,,,,,,,,,,,,,,,,,,,,,,,
m7a.16xlarge,64,256,EBS-Only,,25,20,2.54359," $ 1,831.38 ",1.70704," $ 1,229.07 ",,,,,,,,,,,,,,,,,,,,,,,,,,,,
r5dn.12xlarge,48,384,2 x 900 NVMe SSD,50,,"9,500",2.71," $ 1,951.20 ",1.701," $ 1,224.72 ",,,,,,,,,,,,,,,,,,,,,,,,,,,,
hpc6a.48xlarge,,384,25,,100,,2.54016," $ 1,828.92 ",1.69344," $ 1,219.28 ",,,,,,,,,,,,,,,,,,96,,,,,,,,,2.54,
r6id.12xlarge,48,384,2x1425 NVMe SSD,,18.75,15,2.45725," $ 1,769.22 ",1.69167," $ 1,218.00 ",,,,,,,,,,,,,,,,,,,,,,,,,,,,
m5d.16xlarge,64,256,4 x 600 NVMe SSD,,20,"13,600",2.471," $ 1,779.12 ",1.651," $ 1,188.72 ",,,,,,,,,,,,,,,,,,,,,,,,,,,,
p3.2xlarge,8,61,EBS-Only,Up to 10,-,1.5,2.243," $ 1,614.96 ",1.628," $ 1,172.16 ",1,,,,,,,,,,,,,,,,,,,,,,,,16,,,
r7g.16xlarge,64,512,EBS-Only,,30,20,2.3175," $ 1,668.60 ",1.6223," $ 1,168.06 ",,,,,,,,,,,,,,,,,,,,,,,,,,,,
r7g.metal,64,512,EBS-Only,,30,20,2.3175," $ 1,668.60 ",1.6223," $ 1,168.06 ",,,,,,,,,,,,,,,,,,,,,,,,,,,,
c5a.24xlarge,96,192,EBS-Only,,20,"9,500",2.506," $ 1,804.32 ",1.619," $ 1,165.68 ",,,,,,,,,,,,,,,,,,,,,,,,,,,,
r5d.12xlarge,48,384,2 x 900 NVMe SSD,10,,"9,500",2.341," $ 1,685.52 ",1.615," $ 1,162.80 ",,,,,,,,,,,,,,,,,,,,,,,,,,,,
c6a.24xlarge,96,192,EBS-Only,,37.5,30,2.47666," $ 1,783.20 ",1.60877," $ 1,158.31 ",,,,,,,,,,,,,,,,,,,,,,,,,,,,
m7gd.16xlarge,64,256,2 x 1900 NVMe SSD,,30,20,2.3356," $ 1,681.63 ",1.5606," $ 1,123.63 ",,,,,,,,,,,,,,,,,,,,,,,,,,,,
m6idn.12xlarge,48,192,2x1425 NVMe SSD,,75,37.5,2.60478," $ 1,875.44 ",1.54902," $ 1,115.29 ",,,,,,,,,,,,,,,,,,,,,,,,,,,,
m5n.16xlarge,64,256,EBS Only,,75,"13,600",2.594," $ 1,867.68 ",1.53," $ 1,101.60 ",,,,,,,,,,,,,,,,,,,,,,,,,,,,
r7gd.12xlarge,48,384,2 x 1425 NVMe SSD,,22.5,15,2.2115," $ 1,592.28 ",1.5225," $ 1,096.20 ",,,,,,,,,,,,,,,,,,,,,,,,,,,,
r6g.16xlarge,64,512,EBS-Only,,25,19000,2.1701," $ 1,562.47 ",1.5164," $ 1,091.81 ",,,,,,,,,,,,,,,,,,,,,,,,,,,,
r6g.metal,64,512,EBS-Only,,25,19000,2.1701," $ 1,562.47 ",1.5164," $ 1,091.81 ",,,,,,,,,,,,,,,,,,,,,,,,,,,,
c7gn.16xlarge,64,128,EBS-Only,,200,Up to 40,2.7013," $ 1,944.94 ",1.5154," $ 1,091.09 ",,,,,,,,,,,,,,,,,,,,,,,,,,,,
r5n.12xlarge,48,384,EBS-Only,50,,"9,500",2.418," $ 1,740.96 ",1.514," $ 1,090.08 ",,,,,,,,,,,,,,,,,,,,,,,,,,,,
c5d.18xlarge,72,144,2 x 900 NVMe SSD,,25,"19,000",2.34," $ 1,684.80 ",1.514," $ 1,090.08 ",,,,,,,,,,,,,,,,,,,,,,,,,,,,
r5b.12xlarge,48,384,EBS-Only,10,,"30,000",2.4180912," $ 1,741.03 ",1.5139354," $ 1,090.03 ",,,,,,,,,,,,,,,,,,,,,,,,,,,,
m5ad.16xlarge,64,256,4 x 600 NVMe SSD,,12,"9,500",2.261," $ 1,627.92 ",1.508," $ 1,085.76 ",,,,,,,,,,,,,,,,,,,,,,,,,,,,
r7i.12xlarge,48,384,EBS-Only,,18.75,15,2.14707," $ 1,545.89 ",1.50295," $ 1,082.12 ",,,,,,,,,,,,,,,,,,,,,,,,,,,,
x2gd.12xlarge,48,768,2x1425 NVMe SSD,,20,14.25,2.7664," $ 1,991.81 ",1.491," $ 1,073.52 ",,,,,,,,,,,,,,,,,,,,,,,,,,,,
m7i.16xlarge,64,256,EBS-Only,,25,20,2.21181," $ 1,592.50 ",1.48438," $ 1,068.75 ",,,,,,,,,,,,,,,,,,,,,,,,,,,,
c5n.18xlarge,72,192,EBS-Only,,100,"19,000",2.629," $ 1,892.88 ",1.475," $ 1,062.00 ",,,,,,,,,,,,,,,,,,,,,,,,,,,,
c5n.metal,72,192,EBS-Only,,100,"19,000",2.629," $ 1,892.88 ",1.475," $ 1,062.00 ",,,,,,,,,,,,,,,,,,,,,,,,,,,,
r5ad.12xlarge,48,384,2 x 900 NVMe SSD,10,,"6,780",2.135," $ 1,537.20 ",1.47," $ 1,058.40 ",,,,,,,,,,,,,,,,,,,,,,,,,,,,
m4.16xlarge,64,256,EBS-only,25 Gigabit,,"10,000",2.1277," $ 1,531.94 ",1.4425," $ 1,038.60 ",,,,,,,,,,,,,,,,,,,,,,,,,,,,
c7a.16xlarge,64,128,EBS-Only,,25,20,2.2153," $ 1,595.02 ",1.43899," $ 1,036.07 ",,,,,,,,,,,,,,,,,,,,,,,,,,,,
r6i.12xlarge,48,384,EBS-Only,,18.75,15,2.04483," $ 1,472.28 ",1.43138," $ 1,030.59 ",,,,,,,,,,,,,,,,,,,,,,,,,,,,
r5.12xlarge,48,384,EBS-Only,10,,"9,500",2.045," $ 1,472.40 ",1.431," $ 1,030.32 ",,,,,,,,,,,,,,,,,,,,,,,,,,,,
c6id.16xlarge,64,128,2x1900 NVMe SSD,,25,20,2.17325," $ 1,564.74 ",1.41591," $ 1,019.46 ",,,,,,,,,,,,,,,,,,,,,,,,,,,,
m5.16xlarge,64,256,EBS Only,,20,"13,600",2.106," $ 1,516.32 ",1.414," $ 1,018.08 ",,,,,,,,,,,,,,,,,,,,,,,,,,,,
m6i.16xlarge,64,256,EBS-Only,,25,20,2.1065," $ 1,516.68 ",1.41371," $ 1,017.87 ",,,,,,,,,,,,,,,,,,,,,,,,,,,,
i4i.8xlarge,32,256,2 x 3750 AWS Nitro SSD,,18.75,10,1.995," $ 1,436.40 ",1.383, $ 995.76 ,,,,,,,,,,,,,,,,,,,,,,,,,,,,
c6in.16xlarge,64,128,EBS-Only,,100,50,2.45379," $ 1,766.73 ",1.37697, $ 991.42 ,,,,,,,,,,,,,,,,,,,,,,,,,,,,
m6in.12xlarge,48,192,EBS-Only,,75,37.5,2.27558," $ 1,638.42 ",1.34262, $ 966.69 ,,,,,,,,,,,,,,,,,,,,,,,,,,,,
c5.18xlarge,72,144,EBS-Only,,25,"19,000",2.069," $ 1,489.68 ",1.34, $ 964.80 ,,,,,,,,,,,,,,,,,,,,,,,,,,,,
r6idn.8xlarge,32,256,1x1900 NVMe SSD,,50,25,2.11396," $ 1,522.05 ",1.32628, $ 954.92 ,,,,,,,,,,,,,,,,,,,,,,,,,,,,
m5dn.12xlarge,48,192,2 x 900 NVMe SSD,,50,"9,500",2.226," $ 1,602.72 ",1.324, $ 953.28 ,,,,,,,,,,,,,,,,,,,,,,,,,,,,
m6gd.16xlarge,64,256,2 x 1900 NVMe SSD,,25,"19,000",1.9666," $ 1,415.95 ",1.3129, $ 945.29 ,,,,,,,,,,,,,,,,,,,,,,,,,,,,
m6gd.metal,64,256,2 x 1900 NVMe SSD,,25,"19,000",1.9666," $ 1,415.95 ",1.3129, $ 945.29 ,,,,,,,,,,,,,,,,,,,,,,,,,,,,
m6id.12xlarge,48,192,2x1425 NVMe SSD,,18.75,15,1.94629," $ 1,401.33 ",1.30049, $ 936.35 ,,,,,,,,,,,,,,,,,,,,,,,,,,,,
c6gn.16xlarge,64,128,EBS-Only,,100,38,1.95437," $ 1,407.15 ",1.29243, $ 930.55 ,,,,,,,,,,,,,,,,,,,,,,,,,,,,
r6a.12xlarge,48,384,EBS-Only,,18.75,15,1.84035," $ 1,325.05 ",1.28824, $ 927.53 ,,,,,,,,,,,,,,,,,,,,,,,,,,,,
r6gd.12xlarge,48,384,2 x 1425 NVMe SSD,,20,"13,500",1.8774," $ 1,351.73 ",1.2857, $ 925.70 ,,,,,,,,,,,,,,,,,,,,,,,,,,,,
r5a.12xlarge,48,384,EBS-Only,10,,"6,780",1.839," $ 1,324.08 ",1.284, $ 924.48 ,,,,,,,,,,,,,,,,,,,,,,,,,,,,
m7a.12xlarge,48,192,EBS-Only,,18.75,15,1.90769," $ 1,373.54 ",1.28028, $ 921.80 ,,,,,,,,,,,,,,,,,,,,,,,,,,,,
c7gd.16xlarge,64,128,2 x 1900 NVMe SSD,,30,20,1.9559," $ 1,408.25 ",1.2743, $ 917.50 ,,,,,,,,,,,,,,,,,,,,,,,,,,,,
m6a.16xlarge,64,256,EBS-Only,,25,20,1.89585," $ 1,365.01 ",1.27234, $ 916.08 ,,,,,,,,,,,,,,,,,,,,,,,,,,,,
i3.8xlarge,32,244,4 x 1900 NVMe SSD,10,,1.84,1.839," $ 1,324.08 ",1.262, $ 908.64 ,,,,,,,,,,,,,,,,,,,,,,,,,,,,
m5a.16xlarge,64,256,EBS Only,,12,"9,500",1.88," $ 1,353.60 ",1.262, $ 908.64 ,,,,,,,,,,,,,,,,,,,,,,,,,,,,
c7i.16xlarge,64,128,EBS-Only,,25,20,1.9263," $ 1,386.94 ",1.25127, $ 900.91 ,,,,,,,,,,,,,,,,,,,,,,,,,,,,
i4g.8xlarge,32,256,"2 x 3,750 GB = 7,500 GB",,18.75,10,1.79583," $ 1,293.00 ",1.24468, $ 896.17 ,,,,,,,,,,,,,,,,,,,,,,,,,,,,
m5d.12xlarge,48,192,2 x 900 NVMe SSD,,12,"9,500",1.854," $ 1,334.88 ",1.239, $ 892.08 ,,,,,,,,,,,,,,,,,,,,,,,,,,,,
i3en.6xlarge,24,192,2 x 7500 NVMe SSD,,25,2,1.996," $ 1,437.12 ",1.234, $ 888.48 ,,,,,,,,,,,,,,,,,,,,,,,,,,,,
r7g.12xlarge,48,384,EBS-Only,,22.5,15,1.7381," $ 1,251.43 ",1.2167, $ 876.02 ,,,,,,,,,,,,,,,,,,,,,,,,,,,,
d2.4xlarge,16,122,12 x 2000 HDD,High,,1.56,1.555," $ 1,119.60 ",1.213, $ 873.36 ,,,,,,,,,,,,,,,,,,,,,,,,,,,,
g3.8xlarge,32,244,,10,1.67,1.21,1.6702," $ 1,202.54 ",1.2126, $ 873.07 ,2,,,,,,,,,,,,,,,,,,,,,,,,16,,,
c5ad.16xlarge,64,128,2 x 1200 NVMe SSD,,20,"6,300",1.858," $ 1,337.76 ",1.208, $ 869.76 ,,,,,,,,,,,,,,,,,,,,,,,,,,,,
m7g.16xlarge,64,256,EBS-Only,,30,20,1.7905," $ 1,289.16 ",1.2017, $ 865.22 ,,,,,,,,,,,,,,,,,,,,,,,,,,,,
m7g.metal,64,256,EBS-Only,,30,20,1.7905," $ 1,289.16 ",1.2017, $ 865.22 ,,,,,,,,,,,,,,,,,,,,,,,,,,,,
g5.8xlarge,32,128,1 x 900 NVMe SSD,,25,16,1.79928," $ 1,295.48 ",1.19952, $ 863.65 ,1,,,,,,,,,,,,,,,,,,,,,,,,24,,,
c6i.16xlarge,64,128,EBS-Only,,25,20,1.83456," $ 1,320.88 ",1.19168, $ 858.01 ,,,,,,,,,,,,,,,,,,,,,,,,,,,,
r6in.8xlarge,32,256,EBS-Only,,50,25,1.88611," $ 1,358.00 ",1.18087, $ 850.23 ,,,,,,,,,,,,,,,,,,,,,,,,,,,,
m7gd.12xlarge,48,192,2 x 1425 NVMe SSD,,22.5,15,1.7517," $ 1,261.22 ",1.1704, $ 842.69 ,,,,,,,,,,,,,,,,,,,,,,,,,,,,
x2iedn.4xlarge,16,512,1 x 475 NVMe SSD,,Up to 25,Up to 20,2.30054," $ 1,656.39 ",1.16661, $ 839.96 ,,,,,,,,,,,,,,,,,,,,,,,,,,,,
r7a.8xlarge,32,256,EBS-Only,,12.5,10,1.64614," $ 1,185.22 ",1.1523, $ 829.66 ,,,,,,,,,,,,,,,,,,,,,,,,,,,,
m5n.12xlarge,48,192,EBS-Only,,50,"9,500",1.945," $ 1,400.40 ",1.148, $ 826.56 ,,,,,,,,,,,,,,,,,,,,,,,,,,,,
r6g.12xlarge,48,384,EBS-Only,,20,13500,1.6276," $ 1,171.87 ",1.1373, $ 818.86 ,,,,,,,,,,,,,,,,,,,,,,,,,,,,
c7gn.12xlarge,48,96,EBS-Only,,150,Up to 30,2.0259," $ 1,458.65 ",1.1365, $ 818.28 ,,,,,,,,,,,,,,,,,,,,,,,,,,,,
r5dn.8xlarge,32,256,2 x 600 NVMe SSD,25,,"6,800",1.807," $ 1,301.04 ",1.134, $ 816.48 ,,,,,,,,,,,,,,,,,,,,,,,,,,,,
m5ad.12xlarge,48,192,2 x 900 NVMe SSD,,10,"6,870",1.696," $ 1,221.12 ",1.131, $ 814.32 ,,,,,,,,,,,,,,,,,,,,,,,,,,,,
m6g.16xlarge,64,256,EBS-Only,,25,"19,000",1.6932," $ 1,219.10 ",1.1289, $ 812.81 ,,,,,,,,,,,,,,,,,,,,,,,,,,,,
m6g.metal,64,256,EBS-Only,,25,"19,000",1.6932," $ 1,219.10 ",1.1289, $ 812.81 ,,,,,,,,,,,,,,,,,,,,,,,,,,,,
r6id.8xlarge,32,256,1x1900 NVMe SSD,,12.5,10,1.63817," $ 1,179.48 ",1.12778, $ 812.00 ,,,,,,,,,,,,,,,,,,,,,,,,,,,,
x1e.4xlarge,16,488,1 x 480,Up to 10,"1,750",,2.207," $ 1,589.04 ",1.119, $ 805.68 ,,,,,,,,,,,,,,,,,,,,,,,,,,,,
m7i.12xlarge,48,192,EBS-Only,,18.75,15,1.65886," $ 1,194.38 ",1.11329, $ 801.57 ,,,,,,,,,,,,,,,,,,,,,,,,,,,,
c7a.12xlarge,48,96,EBS-Only,,18.75,15,1.66148," $ 1,196.27 ",1.07924, $ 777.05 ,,,,,,,,,,,,,,,,,,,,,,,,,,,,
c5a.16xlarge,64,128,EBS-Only,,20,"6,300",1.671," $ 1,203.12 ",1.079, $ 776.88 ,,,,,,,,,,,,,,,,,,,,,,,,,,,,
r5d.8xlarge,32,256,2 x 600 NVMe SSD,10,,"6,800",1.561," $ 1,123.92 ",1.077, $ 775.44 ,,,,,,,,,,,,,,,,,,,,,,,,,,,,
c6a.16xlarge,64,128,EBS-Only,,25,20,1.6511," $ 1,188.79 ",1.07251, $ 772.21 ,,,,,,,,,,,,,,,,,,,,,,,,,,,,
c6id.12xlarge,48,96,2x1425 NVMe SSD,,18.75,15,1.62994," $ 1,173.56 ",1.06193, $ 764.59 ,,,,,,,,,,,,,,,,,,,,,,,,,,,,
m6i.12xlarge,48,192,EBS-Only,,18.75,15,1.57987," $ 1,137.51 ",1.06028, $ 763.40 ,,,,,,,,,,,,,,,,,,,,,,,,,,,,
m5.12xlarge,48,192,EBS-Only,,12,"9,500",1.58," $ 1,137.60 ",1.06, $ 763.20 ,,,,,,,,,,,,,,,,,,,,,,,,,,,,
c6gd.16xlarge,64,128,2 x 1900 NVMe SSD,,25,"19,000",1.6642," $ 1,198.22 ",1.0595, $ 762.84 ,,,,,,,,,,,,,,,,,,,,,,,,,,,,
c6gd.metal,64,128,2 x 1900 NVMe SSD,,25,"19,000",1.6642," $ 1,198.22 ",1.0595, $ 762.84 ,,,,,,,,,,,,,,,,,,,,,,,,,,,,
c6in.12xlarge,48,96,EBS-Only,,75,37.5,1.84035," $ 1,325.05 ",1.03273, $ 743.57 ,,,,,,,,,,,,,,,,,,,,,,,,,,,,
m6idn.8xlarge,32,128,1x1900 NVMe SSD,,50,25,1.73652," $ 1,250.29 ",1.03268, $ 743.53 ,,,,,,,,,,,,,,,,,,,,,,,,,,,,
g4dn.8xlarge,32,128,1 x 900 NVMe SSD,50,,9.5,1.471," $ 1,059.12 ",1.024, $ 737.28 ,1,,,,,,,,,,,,,,,,,,,,,,,,16,,,
r7gd.8xlarge,32,256,1 x 1900 NVMe SSD,,15,10,1.4744," $ 1,061.57 ",1.015, $ 730.80 ,,,,,,,,,,,,,,,,,,,,,,,,,,,,
c7g.16xlarge,64,128,EBS-Only,,30,20,1.5596," $ 1,122.91 ",1.0131, $ 729.43 ,,,,,,,,,,,,,,,,,,,,,,,,,,,,
c7g.metal,64,128,EBS-Only,,30,20,1.5596," $ 1,122.91 ",1.0131, $ 729.43 ,,,,,,,,,,,,,,,,,,,,,,,,,,,,
c5d.12xlarge,48,96,2 x 900 NVMe SSD,,12,"9,500",1.56," $ 1,123.20 ",1.01, $ 727.20 ,,,,,,,,,,,,,,,,,,,,,,,,,,,,
r5b.8xlarge,32,256,EBS-Only,10,,"20,000",1.6120608," $ 1,160.68 ",1.0092902, $ 726.69 ,,,,,,,,,,,,,,,,,,,,,,,,,,,,
r5n.8xlarge,32,256,EBS-Only,25,,"6,800",1.612," $ 1,160.64 ",1.009, $ 726.48 ,,,,,,,,,,,,,,,,,,,,,,,,,,,,
r7i.8xlarge,32,256,EBS-Only,,12.5,10,1.43138," $ 1,030.59 ",1.00197, $ 721.42 ,,,,,,,,,,,,,,,,,,,,,,,,,,,,
x2gd.8xlarge,32,512,1x1900 NVMe SSD,,12,9.5,1.8443," $ 1,327.90 ",0.994, $ 715.68 ,,,,,,,,,,,,,,,,,,,,,,,,,,,,
m6gd.12xlarge,48,192,2 x 1425 NVMe SSD,,20,"13,500",1.475," $ 1,062.00 ",0.9846, $ 708.91 ,,,,,,,,,,,,,,,,,,,,,,,,,,,,
r5ad.8xlarge,32,256,2 x 600 NVMe SSD,Up to 10,,"4,750",1.423," $ 1,024.56 ",0.98, $ 705.60 ,,,,,,,,,,,,,,,,,,,,,,,,,,,,
c6gn.12xlarge,48,96,EBS-Only,,75,28.5,1.46577," $ 1,055.35 ",0.96933, $ 697.92 ,,,,,,,,,,,,,,,,,,,,,,,,,,,,
inf2.8xlarge,32,128,EBS Only,,Up to 25,10,1.44638," $ 1,041.39 ",0.96425, $ 694.26 ,,,,,,,,,,,,,1,,,,,,,,,32,,,,NA,,
z1d.6xlarge,24,192,1 x 900 NVMe SSD,10,,1.52,1.516," $ 1,091.52 ",0.962, $ 692.64 ,,,,,,,,,,,,,,,,,,,,,,,,,,,,
r4.8xlarge,32,244,EBS-Only,10,,1.44,1.4426," $ 1,038.67 ",0.9557, $ 688.10 ,,,,,,,,,,,,,,,,,,,,,,,,,,,,
c7gd.12xlarge,48,96,2 x 1425 NVMe SSD,,22.5,15,1.4669," $ 1,056.17 ",0.9557, $ 688.10 ,,,,,,,,,,,,,,,,,,,,,,,,,,,,
r6i.8xlarge,32,256,EBS-Only,,12.5,10,1.36322, $ 981.52 ,0.95425, $ 687.06 ,,,,,,,,,,,,,,,,,,,,,,,,,,,,
m6a.12xlarge,48,192,EBS-Only,,18.75,15,1.42189," $ 1,023.76 ",0.95425, $ 687.06 ,,,,,,,,,,,,,,,,,,,,,,,,,,,,
r5.8xlarge,32,256,EBS-Only,10,,"6,800",1.363, $ 981.36 ,0.954, $ 686.88 ,,,,,,,,,,,,,,,,,,,,,,,,,,,,
g4ad.8xlarge,32,128,1 x 1200 NVMe SSD,,15,3,1.22315, $ 880.67 ,0.95199, $ 685.43 ,2,,,,,,,,,,,,,,,,,,,,,,,,16,,,
c6g.16xlarge,64,128,EBS-Only,,25,19000,1.4944," $ 1,075.97 ",0.9472, $ 681.98 ,,,,,,,,,,,,,,,,,,,,,,,,,,,,
c6g.metal,64,128,EBS-Only,,25,19000,1.4944," $ 1,075.97 ",0.9472, $ 681.98 ,,,,,,,,,,,,,,,,,,,,,,,,,,,,
m5a.12xlarge,48,192,EBS-Only,,10,"6,780",1.41," $ 1,015.20 ",0.947, $ 681.84 ,,,,,,,,,,,,,,,,,,,,,,,,,,,,
h1.8xlarge,32,128,4 x 2000 HDD,10,,,1.366, $ 983.52 ,0.944, $ 679.68 ,,,,,,,,,,,,,,,,,,,,,,,,,,,,
d3.4xlarge,16,128,12 x 2 HDD,,Up to 15,"2,800",1.41," $ 1,015.20 ",0.94, $ 676.80 ,,,,,,,,,,,,,,,,,,,,,,,,,,,,"2,300"
c7i.12xlarge,48,96,EBS-Only,,18.75,15,1.44473," $ 1,040.21 ",0.93845, $ 675.68 ,,,,,,,,,,,,,,,,,,,,,,,,,,,,
m5zn.6xlarge,24,96,EBS Only,,50,"9,500",1.3985," $ 1,006.92 ",0.9324, $ 671.33 ,,,,,,,,,,,,,,,,,,,,,,,,,,,,
c5ad.12xlarge,48,96,2 x 900 NVMe SSD,,12,"4,750",1.394," $ 1,003.68 ",0.906, $ 652.32 ,,,,,,,,,,,,,,,,,,,,,,,,,,,,
m4.10xlarge,40,160,EBS-only,10 Gigabit,,"4,000",1.3299, $ 957.53 ,0.9016, $ 649.15 ,,,,,,,,,,,,,,,,,,,,,,,,,,,,
m7g.12xlarge,48,192,EBS-Only,,22.5,15,1.3429, $ 966.89 ,0.9012, $ 648.86 ,,,,,,,,,,,,,,,,,,,,,,,,,,,,
m6in.8xlarge,32,128,EBS-Only,,50,25,1.51705," $ 1,092.28 ",0.89508, $ 644.46 ,,,,,,,,,,,,,,,,,,,,,,,,,,,,
c5.12xlarge,48,96,EBS-Only,,12,"9,500",1.379, $ 992.88 ,0.894, $ 643.68 ,,,,,,,,,,,,,,,,,,,,,,,,,,,,
c6i.12xlarge,48,96,EBS-Only,,18.75,15,1.37592, $ 990.66 ,0.89376, $ 643.51 ,,,,,,,,,,,,,,,,,,,,,,,,,,,,
m5dn.8xlarge,32,128,2 x 600 NVMe SSD,,25,"6,800",1.484," $ 1,068.48 ",0.883, $ 635.76 ,,,,,,,,,,,,,,,,,,,,,,,,,,,,
m6id.8xlarge,32,128,1x1900 NVMe SSD,,12.5,10,1.29753, $ 934.22 ,0.86699, $ 624.23 ,,,,,,,,,,,,,,,,,,,,,,,,,,,,
r6a.8xlarge,32,256,EBS-Only,,12.5,10,1.2269, $ 883.37 ,0.85883, $ 618.36 ,,,,,,,,,,,,,,,,,,,,,,,,,,,,
r6gd.8xlarge,32,256,1 x 1900 NVMe SSD,,12,"9,000",1.2516, $ 901.15 ,0.8571, $ 617.11 ,,,,,,,,,,,,,,,,,,,,,,,,,,,,
r5a.8xlarge,32,256,EBS-Only,Up to 10,,"4,750",1.226, $ 882.72 ,0.856, $ 616.32 ,,,,,,,,,,,,,,,,,,,,,,,,,,,,
m7a.8xlarge,32,128,EBS-Only,,12.5,10,1.27179, $ 915.69 ,0.85352, $ 614.53 ,,,,,,,,,,,,,,,,,,,,,,,,,,,,
m6g.12xlarge,48,192,EBS-Only,,20,"13,500",1.2699, $ 914.33 ,0.8467, $ 609.62 ,,,,,,,,,,,,,,,,,,,,,,,,,,,,
m5d.8xlarge,32,128,2 x 600 NVMe SSD,,10,"6,800",1.236, $ 889.92 ,0.826, $ 594.72 ,,,,,,,,,,,,,,,,,,,,,,,,,,,,
r7g.8xlarge,32,256,EBS-Only,,15,10,1.1587, $ 834.26 ,0.8111, $ 583.99 ,,,,,,,,,,,,,,,,,,,,,,,,,,,,
c5a.12xlarge,48,96,EBS-Only,,12,"4,750",1.253, $ 902.16 ,0.81, $ 583.20 ,,,,,,,,,,,,,,,,,,,,,,,,,,,,
c6a.12xlarge,48,96,EBS-Only,,18.75,15,1.23833, $ 891.60 ,0.80438, $ 579.15 ,,,,,,,,,,,,,,,,,,,,,,,,,,,,
g5.4xlarge,16,64,1 x 600 NVMe SSD,,Up to 25,8,1.19364, $ 859.42 ,0.79576, $ 572.95 ,1,,,,,,,,,,,,,,,,,,,,,,,,24,,,
c6gd.12xlarge,48,96,2 x 1425 NVMe SSD,,20,"13,500",1.2482, $ 898.70 ,0.7946, $ 572.11 ,,,,,,,,,,,,,,,,,,,,,,,,,,,,
m7gd.8xlarge,32,128,1 x 1900 NVMe SSD,,15,10,1.1678, $ 840.82 ,0.7803, $ 561.82 ,,,,,,,,,,,,,,,,,,,,,,,,,,,,
m5n.8xlarge,32,128,EBS Only,,25,"6,800",1.297, $ 933.84 ,0.765, $ 550.80 ,,,,,,,,,,,,,,,,,,,,,,,,,,,,
c7g.12xlarge,48,96,EBS-Only,,22.5,15,1.1697, $ 842.18 ,0.7598, $ 547.06 ,,,,,,,,,,,,,,,,,,,,,,,,,,,,
r6g.8xlarge,32,256,EBS-Only,,12,9000,1.085, $ 781.20 ,0.7582, $ 545.90 ,,,,,,,,,,,,,,,,,,,,,,,,,,,,
c7gn.8xlarge,32,64,EBS-Only,,100,Up to 20,1.3506, $ 972.43 ,0.7577, $ 545.54 ,,,,,,,,,,,,,,,,,,,,,,,,,,,,
c5d.9xlarge,36,72,1 x 900 NVMe SSD,,12,"9,500",1.17, $ 842.40 ,0.757, $ 545.04 ,,,,,,,,,,,,,,,,,,,,,,,,,,,,
m5ad.8xlarge,32,128,2 x 600 NVMe SSD,,Up to 10,"4,750",1.131, $ 814.32 ,0.754, $ 542.88 ,,,,,,,,,,,,,,,,,,,,,,,,,,,,
m7i.8xlarge,32,128,EBS-Only,,12.5,10,1.10591, $ 796.26 ,0.74219, $ 534.38 ,,,,,,,,,,,,,,,,,,,,,,,,,,,,
c4.8xlarge,36,60,EBS-Only,10 Gigabit,,"4,000",1.082, $ 779.04 ,0.739, $ 532.08 ,,,,,,,,,,,,,,,,,,,,,,,,,,,,
c5n.9xlarge,36,96,EBS-Only,,50,"9,500",1.315, $ 946.80 ,0.738, $ 531.36 ,,,,,,,,,,,,,,,,,,,,,,,,,,,,
c7a.8xlarge,32,64,EBS-Only,,12.5,10,1.10765, $ 797.51 ,0.7195, $ 518.04 ,,,,,,,,,,,,,,,,,,,,,,,,,,,,
c6g.12xlarge,48,96,EBS-Only,,20,13500,1.1208, $ 806.98 ,0.7104, $ 511.49 ,,,,,,,,,,,,,,,,,,,,,,,,,,,,
c6id.8xlarge,32,64,1x1900 NVMe SSD,,12.5,10,1.08662, $ 782.37 ,0.70795, $ 509.72 ,,,,,,,,,,,,,,,,,,,,,,,,,,,,
m5.8xlarge,32,128,EBS Only,,10,"6,800",1.053, $ 758.16 ,0.707, $ 509.04 ,,,,,,,,,,,,,,,,,,,,,,,,,,,,
m6i.8xlarge,32,128,EBS-Only,,12.5,10,1.05325, $ 758.34 ,0.70685, $ 508.93 ,,,,,,,,,,,,,,,,,,,,,,,,,,,,
m7i-flex.8xlarge,32,128,EBS-Only,,Up to 12.5,Up to 10,1.05061, $ 756.44 ,0.70502, $ 507.61 ,,,,,,,,,,,,,,,,,,,,,,,,,,,,
i4i.4xlarge,16,128,1 x 3750 AWS Nitro SSD,,Up to 25,Up to 10,0.998, $ 718.56 ,0.691, $ 497.52 ,,,,,,,,,,,,,,,,,,,,,,,,,,,,
c6in.8xlarge,32,64,EBS-Only,,50,25,1.2269, $ 883.37 ,0.68848, $ 495.71 ,,,,,,,,,,,,,,,,,,,,,,,,,,,,
c5.9xlarge,36,72,EBS-Only,,12,"9,500",1.035, $ 745.20 ,0.67, $ 482.40 ,,,,,,,,,,,,,,,,,,,,,,,,,,,,
r6idn.4xlarge,16,128,1x950 NVMe SSD,,Up to 50,Up to 25,1.05698, $ 761.03 ,0.66314, $ 477.46 ,,,,,,,,,,,,,,,,,,,,,,,,,,,,
m6gd.8xlarge,32,128,1 x 1900 NVMe SSD,,12,"9,000",0.9833, $ 707.98 ,0.6564, $ 472.61 ,,,,,,,,,,,,,,,,,,,,,,,,,,,,
c6gn.8xlarge,32,64,EBS-Only,,50,19,0.97718, $ 703.57 ,0.64622, $ 465.28 ,,,,,,,,,,,,,,,,,,,,,,,,,,,,
c7gd.8xlarge,32,64,1 x 1900 NVMe SSD,,15,10,0.978, $ 704.16 ,0.6372, $ 458.78 ,,,,,,,,,,,,,,,,,,,,,,,,,,,,
m6a.8xlarge,32,128,EBS-Only,,12.5,10,0.94792, $ 682.50 ,0.63617, $ 458.04 ,,,,,,,,,,,,,,,,,,,,,,,,,,,,
i3.4xlarge,16,122,2 x 1900 NVMe SSD,Up to 10,,0.92,0.92, $ 662.40 ,0.631, $ 454.32 ,,,,,,,,,,,,,,,,,,,,,,,,,,,,
m5a.8xlarge,32,128,EBS Only,,Up to 10,"4,750",0.94, $ 676.80 ,0.631, $ 454.32 ,,,,,,,,,,,,,,,,,,,,,,,,,,,,
c7i.8xlarge,32,64,EBS-Only,,12.5,10,0.96315, $ 693.47 ,0.62563, $ 450.45 ,,,,,,,,,,,,,,,,,,,,,,,,,,,,
i4g.4xlarge,16,128,"1 x 3,750 GB = 3,750 GB",,Up to 25,Up to 10,0.89792, $ 646.50 ,0.62234, $ 448.08 ,,,,,,,,,,,,,,,,,,,,,,,,,,,,
i3en.3xlarge,12,96,1 x 7500 NVMe SSD,,Up to 25,1,0.998, $ 718.56 ,0.617, $ 444.24 ,,,,,,,,,,,,,,,,,,,,,,,,,,,,
d2.2xlarge,8,61,6 x 2000 HDD,High,,0.78,0.778, $ 560.16 ,0.607, $ 437.04 ,,,,,,,,,,,,,,,,,,,,,,,,,,,,
g3.4xlarge,16,122,,Up to 10,0.84,0.61,0.8352, $ 601.34 ,0.6063, $ 436.54 ,1,,,,,,,,,,,,,,,,,,,,,,,,8,,,
c5ad.8xlarge,32,64,2 x 600 NVMe SSD,,10,"3,170",0.929, $ 668.88 ,0.604, $ 434.88 ,,,,,,,,,,,,,,,,,,,,,,,,,,,,
m7g.8xlarge,32,128,EBS-Only,,15,10,0.8952, $ 644.54 ,0.6008, $ 432.58 ,,,,,,,,,,,,,,,,,,,,,,,,,,,,
c6i.8xlarge,32,64,EBS-Only,,12.5,10,0.91728, $ 660.44 ,0.59584, $ 429.00 ,,,,,,,,,,,,,,,,,,,,,,,,,,,,
g5.2xlarge,8,32,1 x 450 NVMe SSD,,Up to 10,Up to 3.5,0.89082, $ 641.39 ,0.59388, $ 427.59 ,1,,,,,,,,,,,,,,,,,,,,,,,,24,,,
inf1.6xlarge,24,48,EBS only,,25,4.75,0.798, $ 574.56 ,0.591, $ 425.52 ,,,,,,,,,,,,,,4,,,,,,,,,,,,Yes,,
r6in.4xlarge,16,128,EBS-Only,,Up to 50,Up to 25,0.94306, $ 679.00 ,0.59043, $ 425.11 ,,,,,,,,,,,,,,,,,,,,,,,,,,,,
x2iedn.2xlarge,8,256,1 x 237 NVMe SSD,,Up to 25,Up to 20,1.15027, $ 828.19 ,0.5833, $ 419.98 ,,,,,,,,,,,,,,,,,,,,,,,,,,,,
r7a.4xlarge,16,128,EBS-Only,,Up to 12.5,Up to 10,0.82307, $ 592.61 ,0.57615, $ 414.83 ,,,,,,,,,,,,,,,,,,,,,,,,,,,,
r5dn.4xlarge,16,128,2 x 300 NVMe SSD,Up to 25,,"4,750",0.903, $ 650.16 ,0.567, $ 408.24 ,,,,,,,,,,,,,,,,,,,,,,,,,,,,
g4dn.4xlarge,16,64,1 x 225 NVMe SSD,Up to 25,,4.75,0.814, $ 586.08 ,0.566, $ 407.52 ,1,,,,,,,,,,,,,,,,,,,,,,,,16,,,
m6g.8xlarge,32,128,EBS-Only,,12,"9,000",0.8466, $ 609.55 ,0.5644, $ 406.37 ,,,,,,,,,,,,,,,,,,,,,,,,,,,,
r6id.4xlarge,16,128,1x950 NVMe SSD,,Up to 12.5,Up to 10,0.81908, $ 589.74 ,0.56389, $ 406.00 ,,,,,,,,,,,,,,,,,,,,,,,,,,,,
x1e.2xlarge,8,244,1 x 240,Up to 10,"1,000",,1.103, $ 794.16 ,0.56, $ 403.20 ,,,,,,,,,,,,,,,,,,,,,,,,,,,,
c5a.8xlarge,32,64,EBS-Only,,10,"3,170",0.835, $ 601.20 ,0.54, $ 388.80 ,,,,,,,,,,,,,,,,,,,,,,,,,,,,
r5d.4xlarge,16,128,2 x 300 NVMe SSD,up to 10,,"4,750",0.78, $ 561.60 ,0.538, $ 387.36 ,,,,,,,,,,,,,,,,,,,,,,,,,,,,
c6a.8xlarge,32,64,EBS-Only,,12.5,10,0.82555, $ 594.40 ,0.53626, $ 386.11 ,,,,,,,,,,,,,,,,,,,,,,,,,,,,
c6gd.8xlarge,32,64,1 x 1900 NVMe SSD,,12,"9,000",0.8321, $ 599.11 ,0.5297, $ 381.38 ,,,,,,,,,,,,,,,,,,,,,,,,,,,,
m6idn.4xlarge,16,64,1x950 NVMe SSD,,Up to 50,Up to 25,0.86826, $ 625.15 ,0.51634, $ 371.76 ,,,,,,,,,,,,,,,,,,,,,,,,,,,,
r7gd.4xlarge,16,128,1 x 950 NVMe SSD,,Up to 15,Up to 10,0.7372, $ 530.78 ,0.5075, $ 365.40 ,,,,,,,,,,,,,,,,,,,,,,,,,,,,
c7g.8xlarge,32,64,EBS-Only,,15,10,0.7798, $ 561.46 ,0.5065, $ 364.68 ,,,,,,,,,,,,,,,,,,,,,,,,,,,,
r5n.4xlarge,16,128,EBS-Only,Up to 25,,"4,750",0.806, $ 580.32 ,0.505, $ 363.60 ,,,,,,,,,,,,,,,,,,,,,,,,,,,,
r5b.4xlarge,16,128,EBS-Only,up to 10,,"10,000",0.8060304, $ 580.34 ,0.5046451, $ 363.34 ,,,,,,,,,,,,,,,,,,,,,,,,,,,,
r7i.4xlarge,16,128,EBS-Only,,Up to 12.5,Up to 10,0.71569, $ 515.30 ,0.50098, $ 360.71 ,,,,,,,,,,,,,,,,,,,,,,,,,,,,
x2gd.4xlarge,16,256,1x950 NVMe SSD,,Up to 10,4.75,0.9221, $ 663.91 ,0.497, $ 357.84 ,,,,,,,,,,,,,,,,,,,,,,,,,,,,
g5.xlarge,4,16,1 x 250 NVMe SSD,,Up to 10,Up to 3.5,0.73941, $ 532.38 ,0.49294, $ 354.92 ,1,,,,,,,,,,,,,,,,,,,,,,,,24,,,
r5ad.4xlarge,16,128,2 x 300 NVMe SSD,Up to 10,,"2,880",0.712, $ 512.64 ,0.49, $ 352.80 ,,,,,,,,,,,,,,,,,,,,,,,,,,,,
z1d.3xlarge,12,96,1 x 450 NVMe SSD,Up to 10,,0.76,0.758, $ 545.76 ,0.481, $ 346.32 ,,,,,,,,,,,,,,,,,,,,,,,,,,,,
p2.xlarge,4,61,,High,,,0.659, $ 474.48 ,0.479, $ 344.88 ,1,,,,,,,,,,,,,,,,,,,,,,,,12,,,
r4.4xlarge,16,122,EBS-Only,Up to 10,,0.72,0.7212, $ 519.26 ,0.4779, $ 344.09 ,,,,,,,,,,,,,,,,,,,,,,,,,,,,
r6i.4xlarge,16,128,EBS-Only,,Up to 12.5,Up to 10,0.68161, $ 490.76 ,0.47713, $ 343.53 ,,,,,,,,,,,,,,,,,,,,,,,,,,,,
r5.4xlarge,16,128,EBS-Only,up to 10,,"4,750",0.682, $ 491.04 ,0.477, $ 343.44 ,,,,,,,,,,,,,,,,,,,,,,,,,,,,
g4ad.4xlarge,16,64,1 x 600 NVMe SSD,,Up to 10,Up to 3,0.61158, $ 440.34 ,0.476, $ 342.72 ,1,,,,,,,,,,,,,,,,,,,,,,,,8,,,
c6g.8xlarge,32,64,EBS-Only,,12,9000,0.7472, $ 537.98 ,0.4736, $ 340.99 ,,,,,,,,,,,,,,,,,,,,,,,,,,,,
h1.4xlarge,16,64,2 x 2000 HDD,Up to 10,,,0.683, $ 491.76 ,0.472, $ 339.84 ,,,,,,,,,,,,,,,,,,,,,,,,,,,,
d3.2xlarge,8,64,6 x 2 HDD,,Up to 15,"1,700",0.705, $ 507.60 ,0.47, $ 338.40 ,,,,,,,,,,,,,,,,,,,,,,,,,,,,"1,100"
m5zn.3xlarge,12,48,EBS-Only,,Up to 25,"4,750",0.6993, $ 503.50 ,0.4662, $ 335.66 ,,,,,,,,,,,,,,,,,,,,,,,,,,,,
g3s.xlarge,4,30.5,,Up to 10,0.59,0.46,0.592, $ 426.24 ,0.456, $ 328.32 ,1,,,,,,,,,,,,,,,,,,,,,,,,8,,,
m6in.4xlarge,16,64,EBS-Only,,Up to 50,Up to 25,0.75853, $ 546.14 ,0.44754, $ 322.23 ,,,,,,,,,,,,,,,,,,,,,,,,,,,,
m5dn.4xlarge,16,64,2 x 300 NVMe SSD,,Up to 25,"4,750",0.742, $ 534.24 ,0.441, $ 317.52 ,,,,,,,,,,,,,,,,,,,,,,,,,,,,
m6id.4xlarge,16,64,1x950 NVMe SSD,,Up to 12.5,Up to 10,0.64876, $ 467.11 ,0.4335, $ 312.12 ,,,,,,,,,,,,,,,,,,,,,,,,,,,,
r6a.4xlarge,16,128,EBS-Only,,Up to 12.5,Up to 10,0.61345, $ 441.68 ,0.42941, $ 309.18 ,,,,,,,,,,,,,,,,,,,,,,,,,,,,
r6gd.4xlarge,16,128,1 x 950 NVMe SSD,,Up to 10,"4,750",0.6258, $ 450.58 ,0.4286, $ 308.59 ,,,,,,,,,,,,,,,,,,,,,,,,,,,,
r5a.4xlarge,16,128,EBS-Only,Up to 10,,"2,880",0.613, $ 441.36 ,0.428, $ 308.16 ,,,,,,,,,,,,,,,,,,,,,,,,,,,,
m7a.4xlarge,16,64,EBS-Only,,Up to 12.5,Up to 10,0.6359, $ 457.85 ,0.42676, $ 307.27 ,,,,,,,,,,,,,,,,,,,,,,,,,,,,
m5d.4xlarge,16,64,2 x 300 NVMe SSD,,Up to 10,"4,750",0.618, $ 444.96 ,0.413, $ 297.36 ,,,,,,,,,,,,,,,,,,,,,,,,,,,,
i3en.2xlarge,8,64,2 x 2500 NVMe SSD,,Up to 25,0.67,0.665, $ 478.80 ,0.411, $ 295.92 ,,,,,,,,,,,,,,,,,,,,,,,,,,,,
r7g.4xlarge,16,128,EBS-Only,,Up to 15,Up to 10,0.5794, $ 417.17 ,0.4056, $ 292.03 ,,,,,,,,,,,,,,,,,,,,,,,,,,,,
m7gd.4xlarge,16,64,1 x 950 NVMe SSD,,Up to 15,Up to 10,0.5839, $ 420.41 ,0.3901, $ 280.87 ,,,,,,,,,,,,,,,,,,,,,,,,,,,,
m5n.4xlarge,16,64,EBS-Only,,Up to 25,"4,750",0.648, $ 466.56 ,0.383, $ 275.76 ,,,,,,,,,,,,,,,,,,,,,,,,,,,,
r6g.4xlarge,16,128,EBS-Only,,Up to 10,4750,0.5425, $ 390.60 ,0.3791, $ 272.95 ,,,,,,,,,,,,,,,,,,,,,,,,,,,,
c7gn.4xlarge,16,32,EBS-Only,,50,Up to 10,0.6753, $ 486.22 ,0.3788, $ 272.74 ,,,,,,,,,,,,,,,,,,,,,,,,,,,,
m5ad.4xlarge,16,64,2 x 300 NVMe SSD,,Up to 10,"2,880",0.565, $ 406.80 ,0.377, $ 271.44 ,,,,,,,,,,,,,,,,,,,,,,,,,,,,
inf2.xlarge,4,16,EBS Only,,Up to 15,Up to 10,0.55728, $ 401.24 ,0.37152, $ 267.49 ,,,,,,,,,,,,,1,,,,,,,,,32,,,,NA,,
m7i.4xlarge,16,64,EBS-Only,,Up to 12.5,Up to 10,0.55295, $ 398.12 ,0.3711, $ 267.19 ,,,,,,,,,,,,,,,,,,,,,,,,,,,,
c4.4xlarge,16,30,EBS-Only,High,,"2,000",0.541, $ 389.52 ,0.37, $ 266.40 ,,,,,,,,,,,,,,,,,,,,,,,,,,,,
m4.4xlarge,16,64,EBS-only,High,,"2,000",0.532, $ 383.04 ,0.3607, $ 259.70 ,,,,,,,,,,,,,,,,,,,,,,,,,,,,
c7a.4xlarge,16,32,EBS-Only,,Up to 12.5,Up to 10,0.55383, $ 398.76 ,0.35975, $ 259.02 ,,,,,,,,,,,,,,,,,,,,,,,,,,,,
g4dn.2xlarge,8,32,1 x 225 NVMe SSD,Up to 25,,Up to 3.5,0.508, $ 365.76 ,0.354, $ 254.88 ,1,,,,,,,,,,,,,,,,,,,,,,,,16,,,
c6id.4xlarge,16,32,1x950 NVMe SSD,,Up to 12.5,Up to 10,0.54331, $ 391.18 ,0.35398, $ 254.87 ,,,,,,,,,,,,,,,,,,,,,,,,,,,,
m6i.4xlarge,16,64,EBS-Only,,Up to 12.5,Up to 10,0.52662, $ 379.17 ,0.35343, $ 254.47 ,,,,,,,,,,,,,,,,,,,,,,,,,,,,
m5.4xlarge,16,64,EBS-Only,,Up to 10,"4,750",0.527, $ 379.44 ,0.353, $ 254.16 ,,,,,,,,,,,,,,,,,,,,,,,,,,,,
m7i-flex.4xlarge,16,64,EBS-Only,,Up to 12.5,Up to 10,0.52531, $ 378.22 ,0.35251, $ 253.81 ,,,,,,,,,,,,,,,,,,,,,,,,,,,,
i4i.2xlarge,8,64,1 x 1875 AWS Nitro SSD,,Up to 12,Up to 10,0.499, $ 359.28 ,0.346, $ 249.12 ,,,,,,,,,,,,,,,,,,,,,,,,,,,,
c6in.4xlarge,16,32,EBS-Only,,Up to 50,Up to 25,0.61345, $ 441.68 ,0.34424, $ 247.85 ,,,,,,,,,,,,,,,,,,,,,,,,,,,,
c5d.4xlarge,16,32,1 x 400 NVMe SSD,,Up to 10,"4,750",0.52, $ 374.40 ,0.337, $ 242.64 ,,,,,,,,,,,,,,,,,,,,,,,,,,,,
r6idn.2xlarge,8,64,1x474 NVMe SSD,,Up to 40,Up to 25,0.52849, $ 380.51 ,0.33157, $ 238.73 ,,,,,,,,,,,,,,,,,,,,,,,,,,,,
m6gd.4xlarge,16,64,1 x 950 NVMe SSD,,Up to 10,"4,750",0.4917, $ 354.02 ,0.3282, $ 236.30 ,,,,,,,,,,,,,,,,,,,,,,,,,,,,
c5n.4xlarge,16,42,EBS-Only,,Up to 25,"4,750",0.584, $ 420.48 ,0.328, $ 236.16 ,,,,,,,,,,,,,,,,,,,,,,,,,,,,
c6gn.4xlarge,16,32,EBS-Only,,Up to 25,9.5,0.48859, $ 351.78 ,0.32311, $ 232.64 ,,,,,,,,,,,,,,,,,,,,,,,,,,,,
z1d.2xlarge,8,64,1 x 300 NVMe SSD,Up to 10,,0.51,0.505, $ 363.60 ,0.321, $ 231.12 ,,,,,,,,,,,,,,,,,,,,,,,,,,,,
c7gd.4xlarge,16,32,1 x 950 NVMe SSD,,Up to 15,Up to 10,0.489, $ 352.08 ,0.3186, $ 229.39 ,,,,,,,,,,,,,,,,,,,,,,,,,,,,
m6a.4xlarge,16,64,EBS-Only,,Up to 12.5,Up to 10,0.47396, $ 341.25 ,0.31808, $ 229.02 ,,,,,,,,,,,,,,,,,,,,,,,,,,,,
i3.2xlarge,8,61,1 x 1900 NVMe SSD,Up to 10,,0.46,0.46, $ 331.20 ,0.316, $ 227.52 ,,,,,,,,,,,,,,,,,,,,,,,,,,,,
m5a.4xlarge,16,64,EBS-Only,,Up to 10,"2,880",0.47, $ 338.40 ,0.316, $ 227.52 ,,,,,,,,,,,,,,,,,,,,,,,,,,,,
c7i.4xlarge,16,32,EBS-Only,,Up to 12.5,Up to 10,0.48158, $ 346.74 ,0.31282, $ 225.23 ,,,,,,,,,,,,,,,,,,,,,,,,,,,,
i4g.2xlarge,8,64,"1 x 1,875 GB = 1,875 GB",,Up to 12,Up to 10,0.44896, $ 323.25 ,0.31117, $ 224.04 ,,,,,,,,,,,,,,,,,,,,,,,,,,,,
m5zn.2xlarge,8,32,EBS-Only,,Up to 25,"3,170",0.4662, $ 335.66 ,0.3108, $ 223.78 ,,,,,,,,,,,,,,,,,,,,,,,,,,,,
d2.xlarge,4,30.5,3 x 2000 HDD,Moderate,,0.39,0.389, $ 280.08 ,0.303, $ 218.16 ,,,,,,,,,,,,,,,,,,,,,,,,,,,,
c5ad.4xlarge,16,32,2 x 300 NVMe SSD,,up to 10,"up to 3,170",0.465, $ 334.80 ,0.302, $ 217.44 ,,,,,,,,,,,,,,,,,,,,,,,,,,,,
m7g.4xlarge,16,64,EBS-Only,,Up to 15,Up to 10,0.4476, $ 322.27 ,0.3004, $ 216.29 ,,,,,,,,,,,,,,,,,,,,,,,,,,,,
c5.4xlarge,16,32,EBS-Only,,Up to 10,"4,750",0.46, $ 331.20 ,0.298, $ 214.56 ,,,,,,,,,,,,,,,,,,,,,,,,,,,,
c6i.4xlarge,16,32,EBS-Only,,Up to 12.5,Up to 10,0.45864, $ 330.22 ,0.29792, $ 214.50 ,,,,,,,,,,,,,,,,,,,,,,,,,,,,
g4ad.2xlarge,8,32,1 x 300 NVMe SSD,,Up to 10,Up to 3,0.38174, $ 274.85 ,0.29711, $ 213.92 ,1,,,,,,,,,,,,,,,,,,,,,,,,8,,,
r6in.2xlarge,8,64,EBS-Only,,Up to 40,Up to 25,0.47153, $ 339.50 ,0.29522, $ 212.56 ,,,,,,,,,,,,,,,,,,,,,,,,,,,,
x2iedn.xlarge,4,128,1 x 118 NVMe SSD,,Up to 25,Up to 20,0.57513, $ 414.09 ,0.29165, $ 209.99 ,,,,,,,,,,,,,,,,,,,,,,,,,,,,
r7a.2xlarge,8,64,EBS-Only,,Up to 12.5,Up to 10,0.41154, $ 296.31 ,0.28807, $ 207.41 ,,,,,,,,,,,,,,,,,,,,,,,,,,,,
r5dn.2xlarge,8,64,1 x 300 NVMe SSD,Up to 25,,"Up to 4,750",0.452, $ 325.44 ,0.283, $ 203.76 ,,,,,,,,,,,,,,,,,,,,,,,,,,,,
m6g.4xlarge,16,64,EBS-Only,,Up to 10,"4,750",0.4233, $ 304.78 ,0.2822, $ 203.18 ,,,,,,,,,,,,,,,,,,,,,,,,,,,,
r6id.2xlarge,8,64,1x474 NVMe SSD,,Up to 12.5,Up to 10,0.40954, $ 294.87 ,0.28195, $ 203.00 ,,,,,,,,,,,,,,,,,,,,,,,,,,,,
x1e.xlarge,4,122,1 x 120,Up to 10,500,,0.552, $ 397.44 ,0.28, $ 201.60 ,,,,,,,,,,,,,,,,,,,,,,,,,,,,
c5a.4xlarge,16,32,EBS-Only,,Up to 10,"Up to 3,170",0.418, $ 300.96 ,0.27, $ 194.40 ,,,,,,,,,,,,,,,,,,,,,,,,,,,,
r5d.2xlarge,8,64,1 x 300 NVMe SSD,up to 10,,"Up to 4,750",0.39, $ 280.80 ,0.269, $ 193.68 ,,,,,,,,,,,,,,,,,,,,,,,,,,,,
c6a.4xlarge,16,32,EBS-Only,,Up to 12.5,Up to 10,0.41278, $ 297.20 ,0.26813, $ 193.05 ,,,,,,,,,,,,,,,,,,,,,,,,,,,,
c6gd.4xlarge,16,32,1 x 950 NVMe SSD,,Up to 10,"4,750",0.4161, $ 299.59 ,0.2649, $ 190.73 ,,,,,,,,,,,,,,,,,,,,,,,,,,,,
m6idn.2xlarge,8,32,1x474 NVMe SSD,,Up to 40,Up to 25,0.43413, $ 312.57 ,0.25817, $ 185.88 ,,,,,,,,,,,,,,,,,,,,,,,,,,,,
r7gd.2xlarge,8,64,1 x 474 NVMe SSD,,Up to 15,Up to 10,0.3686, $ 265.39 ,0.2538, $ 182.74 ,,,,,,,,,,,,,,,,,,,,,,,,,,,,
c7g.4xlarge,16,32,EBS-Only,,Up to 15,Up to 10,0.3899, $ 280.73 ,0.2533, $ 182.38 ,,,,,,,,,,,,,,,,,,,,,,,,,,,,
r5b.2xlarge,8,64,EBS-Only,up to 10,,"Up to 10,000",0.4030152, $ 290.17 ,0.2523226, $ 181.67 ,,,,,,,,,,,,,,,,,,,,,,,,,,,,
r5n.2xlarge,8,64,EBS-Only,Up to 25,,"Up to 4,750",0.403, $ 290.16 ,0.252, $ 181.44 ,,,,,,,,,,,,,,,,,,,,,,,,,,,,
r7i.2xlarge,8,64,EBS-Only,,Up to 12.5,Up to 10,0.35785, $ 257.65 ,0.25049, $ 180.35 ,,,,,,,,,,,,,,,,,,,,,,,,,,,,
x2gd.2xlarge,8,128,1x475 NVMe SSD,,Up to 10,Up to 4.75,0.4611, $ 331.99 ,0.2485, $ 178.92 ,,,,,,,,,,,,,,,,,,,,,,,,,,,,
g4dn.xlarge,4,16,1 x 125 NVMe SSD,Up to 25,,Up to 3.5,0.356, $ 256.32 ,0.247, $ 177.84 ,1,,,,,,,,,,,,,,,,,,,,,,,,16,,,
r5ad.2xlarge,8,64,1 x 300 NVMe SSD,Up to 10,,"Up to 2,880",0.356, $ 256.32 ,0.245, $ 176.40 ,,,,,,,,,,,,,,,,,,,,,,,,,,,,
r5.2xlarge,8,64,EBS-Only,up to 10,,"Up to 4,750",0.341, $ 245.52 ,0.239, $ 172.08 ,,,,,,,,,,,,,,,,,,,,,,,,,,,,
r4.2xlarge,8,61,EBS-Only,Up to 10,,0.36,0.3606, $ 259.63 ,0.2389, $ 172.01 ,,,,,,,,,,,,,,,,,,,,,,,,,,,,
r6i.2xlarge,8,64,EBS-Only,,Up to 12.5,Up to 10,0.3408, $ 245.38 ,0.23856, $ 171.76 ,,,,,,,,,,,,,,,,,,,,,,,,,,,,
c6g.4xlarge,16,32,EBS-Only,,Up to 10,4750,0.3736, $ 268.99 ,0.2368, $ 170.50 ,,,,,,,,,,,,,,,,,,,,,,,,,,,,
h1.2xlarge,8,32,1 x 2000 HDD,Up to 10,,,0.341, $ 245.52 ,0.236, $ 169.92 ,,,,,,,,,,,,,,,,,,,,,,,,,,,,
d3.xlarge,4,32,3 x 2 HDD,,Up to 15,850,0.352, $ 253.44 ,0.235, $ 169.20 ,,,,,,,,,,,,,,,,,,,,,,,,,,,,580
m6in.2xlarge,8,32,EBS-Only,,Up to 40,Up to 25,0.37926, $ 273.07 ,0.22377, $ 161.11 ,,,,,,,,,,,,,,,,,,,,,,,,,,,,
m5dn.2xlarge,8,32,1 x 300 NVMe SSD,,Up to 25,"Up to 4,750",0.371, $ 267.12 ,0.221, $ 159.12 ,,,,,,,,,,,,,,,,,,,,,,,,,,,,
m6id.2xlarge,8,32,1x474 NVMe SSD,,Up to 12.5,Up to 10,0.32438, $ 233.55 ,0.21675, $ 156.06 ,,,,,,,,,,,,,,,,,,,,,,,,,,,,
r6a.2xlarge,8,64,EBS-Only,,Up to 12.5,Up to 10,0.30672, $ 220.84 ,0.21471, $ 154.59 ,,,,,,,,,,,,,,,,,,,,,,,,,,,,
r6gd.2xlarge,8,64,1 x 474 NVMe SSD,,Up to 10,"Up to 4,750",0.3129, $ 225.29 ,0.2143, $ 154.30 ,,,,,,,,,,,,,,,,,,,,,,,,,,,,
r5a.2xlarge,8,64,EBS-Only,Up to 10,,"Up to 2,880",0.307, $ 221.04 ,0.214, $ 154.08 ,,,,,,,,,,,,,,,,,,,,,,,,,,,,
m7a.2xlarge,8,32,EBS-Only,,Up to 12.5,Up to 10,0.31795, $ 228.92 ,0.21338, $ 153.63 ,,,,,,,,,,,,,,,,,,,,,,,,,,,,
g4ad.xlarge,4,16,1 x 150 NVMe SSD,,Up to 10,Up to 3,0.26701, $ 192.25 ,0.20782, $ 149.63 ,1,,,,,,,,,,,,,,,,,,,,,,,,8,,,
i3en.xlarge,4,32,1 x 2500 NVMe SSD,,Up to 25,0.33,0.333, $ 239.76 ,0.206, $ 148.32 ,,,,,,,,,,,,,,,,,,,,,,,,,,,,
m5d.2xlarge,8,32,1 x 300 NVMe SSD,,Up to 10,"Up to 4,750",0.309, $ 222.48 ,0.206, $ 148.32 ,,,,,,,,,,,,,,,,,,,,,,,,,,,,
r7g.2xlarge,8,64,EBS-Only,,Up to 15,Up to 10,0.2897, $ 208.58 ,0.2028, $ 146.02 ,,,,,,,,,,,,,,,,,,,,,,,,,,,,
m7gd.2xlarge,8,32,1 x 474 NVMe SSD,,Up to 15,Up to 10,0.2919, $ 210.17 ,0.1951, $ 140.47 ,,,,,,,,,,,,,,,,,,,,,,,,,,,,
m5n.2xlarge,8,32,EBS-Only,,Up to 25,"Up to 4,750",0.324, $ 233.28 ,0.191, $ 137.52 ,,,,,,,,,,,,,,,,,,,,,,,,,,,,
r6g.2xlarge,8,64,EBS-Only,,Up to 10,"Up to 4,750",0.2713, $ 195.34 ,0.1895, $ 136.44 ,,,,,,,,,,,,,,,,,,,,,,,,,,,,
c7gn.2xlarge,8,16,EBS-Only,,Up to 50,Up to 10,0.3377, $ 243.14 ,0.1894, $ 136.37 ,,,,,,,,,,,,,,,,,,,,,,,,,,,,
m5ad.2xlarge,8,32,1 x 300 NVMe SSD,,Up to 10,"Up to 2,880",0.283, $ 203.76 ,0.189, $ 136.08 ,,,,,,,,,,,,,,,,,,,,,,,,,,,,
m7i.2xlarge,8,32,EBS-Only,,Up to 12.5,Up to 10,0.27648, $ 199.07 ,0.18555, $ 133.60 ,,,,,,,,,,,,,,,,,,,,,,,,,,,,
c4.2xlarge,8,15,EBS-Only,High,,"1,000",0.27, $ 194.40 ,0.185, $ 133.20 ,,,,,,,,,,,,,,,,,,,,,,,,,,,,
inf1.2xlarge,8,16,EBS only,,Up to 25,Up to 4.75,0.245, $ 176.40 ,0.181, $ 130.32 ,,,,,,,,,,,,,,1,,,,,,,,,,,,N/A,,
m4.2xlarge,8,32,EBS-only,High,,"1,000",0.266, $ 191.52 ,0.1803, $ 129.82 ,,,,,,,,,,,,,,,,,,,,,,,,,,,,
c7a.2xlarge,8,16,EBS-Only,,Up to 12.5,Up to 10,0.27691, $ 199.38 ,0.17987, $ 129.51 ,,,,,,,,,,,,,,,,,,,,,,,,,,,,
m5.2xlarge,8,32,EBS-Only,,Up to 10,"Up to 4,750",0.263, $ 189.36 ,0.177, $ 127.44 ,,,,,,,,,,,,,,,,,,,,,,,,,,,,
c6id.2xlarge,8,16,1x474 NVMe SSD,,Up to 12.5,Up to 10,0.27166, $ 195.60 ,0.17699, $ 127.43 ,,,,,,,,,,,,,,,,,,,,,,,,,,,,
m6i.2xlarge,8,32,EBS-Only,,Up to 12.5,Up to 10,0.26331, $ 189.58 ,0.17671, $ 127.23 ,,,,,,,,,,,,,,,,,,,,,,,,,,,,
m7i-flex.2xlarge,8,32,EBS-Only,,Up to 12.5,Up to 10,0.26265, $ 189.11 ,0.17626, $ 126.91 ,,,,,,,,,,,,,,,,,,,,,,,,,,,,
i4i.xlarge,4,32,1 x 937 AWS Nitro SSD,,Up to 10,Up to 10,0.249, $ 179.28 ,0.173, $ 124.56 ,,,,,,,,,,,,,,,,,,,,,,,,,,,,
c6in.2xlarge,8,16,EBS-Only,,Up to 40,Up to 25,0.30672, $ 220.84 ,0.17212, $ 123.93 ,,,,,,,,,,,,,,,,,,,,,,,,,,,,
c5d.2xlarge,8,16,1 x 200 NVMe SSD,,Up to 10,"Up to 4,750",0.26, $ 187.20 ,0.168, $ 120.96 ,,,,,,,,,,,,,,,,,,,,,,,,,,,,
t2.2xlarge,8,32,EBS-Only,Moderate,,,0.2468, $ 177.70 ,0.1674, $ 120.53 ,,,,,,,,,,,,,,,,,,,,,,,81,,,,,
r6idn.xlarge,4,32,1x237 NVMe SSD,,Up to 30,Up to 25,0.26425, $ 190.26 ,0.16579, $ 119.37 ,,,,,,,,,,,,,,,,,,,,,,,,,,,,
m6gd.2xlarge,8,32,1 x 474 NVMe SSD,,Up to 10,"Up to 4,750",0.2458, $ 176.98 ,0.1641, $ 118.15 ,,,,,,,,,,,,,,,,,,,,,,,,,,,,
c5n.2xlarge,8,21,EBS-Only,,Up to 25,"Up to 4,750",0.292, $ 210.24 ,0.164, $ 118.08 ,,,,,,,,,,,,,,,,,,,,,,,,,,,,
c6gn.2xlarge,8,16,EBS-Only,,Up to 25,Up to 9.5,0.2443, $ 175.90 ,0.16155, $ 116.32 ,,,,,,,,,,,,,,,,,,,,,,,,,,,,
z1d.xlarge,4,32,1 x 150 NVMe SSD,Up to 10,,0.25,0.253, $ 182.16 ,0.16, $ 115.20 ,,,,,,,,,,,,,,,,,,,,,,,,,,,,
c7gd.2xlarge,8,16,1 x 474 NVMe SSD,,Up to 15,Up to 10,0.2445, $ 176.04 ,0.1593, $ 114.70 ,,,,,,,,,,,,,,,,,,,,,,,,,,,,
m6a.2xlarge,8,32,EBS-Only,,Up to 12.5,Up to 10,0.23698, $ 170.63 ,0.15904, $ 114.51 ,,,,,,,,,,,,,,,,,,,,,,,,,,,,
i3.xlarge,4,30.5,1 x 950 NVMe SSD,Up to 10,,0.23,0.23, $ 165.60 ,0.158, $ 113.76 ,,,,,,,,,,,,,,,,,,,,,,,,,,,,
m5a.2xlarge,8,32,EBS-Only,,Up to 10,"Up to 2,880",0.235, $ 169.20 ,0.158, $ 113.76 ,,,,,,,,,,,,,,,,,,,,,,,,,,,,
c7i.2xlarge,8,16,EBS-Only,,Up to 12.5,Up to 10,0.24079, $ 173.37 ,0.15641, $ 112.62 ,,,,,,,,,,,,,,,,,,,,,,,,,,,,
i4g.xlarge,4,32,1 x 937 GB = 937 GB,,Up to 10,Up to 10,0.22448, $ 161.63 ,0.15558, $ 112.02 ,,,,,,,,,,,,,,,,,,,,,,,,,,,,
m5zn.xlarge,4,16,EBS-Only,,Up to 25,"Up to 3,170",0.2331, $ 167.83 ,0.1554, $ 111.89 ,,,,,,,,,,,,,,,,,,,,,,,,,,,,
c5ad.2xlarge,8,16,1 x 300 NVMe SSD,,up to 10,"up to 3,170",0.232, $ 167.04 ,0.151, $ 108.72 ,,,,,,,,,,,,,,,,,,,,,,,,,,,,
m7g.2xlarge,8,32,EBS-Only,,Up to 15,Up to 10,0.2238, $ 161.14 ,0.1502, $ 108.14 ,,,,,,,,,,,,,,,,,,,,,,,,,,,,
t3.2xlarge,8,32,EBS-Only,Up to 5,,,0.2239, $ 161.21 ,0.1499, $ 107.93 ,,,,,,,,,,,,,,,,,,,,,,,192,,,,,
c5.2xlarge,8,16,EBS-Only,,Up to 10,"Up to 4,750",0.23, $ 165.60 ,0.149, $ 107.28 ,,,,,,,,,,,,,,,,,,,,,,,,,,,,
c6i.2xlarge,8,16,EBS-Only,,Up to 12.5,Up to 10,0.22932, $ 165.11 ,0.14896, $ 107.25 ,,,,,,,,,,,,,,,,,,,,,,,,,,,,
r6in.xlarge,4,32,EBS-Only,,Up to 30,Up to 25,0.23576, $ 169.75 ,0.14761, $ 106.28 ,,,,,,,,,,,,,,,,,,,,,,,,,,,,
r7a.xlarge,4,32,EBS-Only,,Up to 12.5,Up to 10,0.20577, $ 148.15 ,0.14404, $ 103.71 ,,,,,,,,,,,,,,,,,,,,,,,,,,,,
r5dn.xlarge,4,32,1 x 150 NVMe SSD,Up to 25,,"Up to 4,750",0.226, $ 162.72 ,0.142, $ 102.24 ,,,,,,,,,,,,,,,,,,,,,,,,,,,,
m6g.2xlarge,8,32,EBS-Only,,Up to 10,"Up to 4,750",0.2117, $ 152.42 ,0.1411, $ 101.59 ,,,,,,,,,,,,,,,,,,,,,,,,,,,,
r6id.xlarge,4,32,1x237 NVMe SSD,,Up to 12.5,Up to 10,0.20477, $ 147.43 ,0.14097, $ 101.50 ,,,,,,,,,,,,,,,,,,,,,,,,,,,,
t3a.2xlarge,8,32,EBS-Only,Up to 5,,,0.2025, $ 145.80 ,0.1359, $ 97.85 ,,,,,,,,,,,,,,,,,,,,,,,192,,,,,
r5d.xlarge,4,32,1 x 150 NVMe SSD,up to 10,,"Up to 4,750",0.195, $ 140.40 ,0.135, $ 97.20 ,,,,,,,,,,,,,,,,,,,,,,,,,,,,
c5a.2xlarge,8,16,EBS-Only,,Up to 10,"Up to 3,170",0.209, $ 150.48 ,0.135, $ 97.20 ,,,,,,,,,,,,,,,,,,,,,,,,,,,,
c6a.2xlarge,8,16,EBS-Only,,Up to 12.5,Up to 10,0.20639, $ 148.60 ,0.13406, $ 96.52 ,,,,,,,,,,,,,,,,,,,,,,,,,,,,
c6gd.2xlarge,8,16,1 x 474 NVMe SSD,,Up to 10,"Up to 4,750",0.208, $ 149.76 ,0.1324, $ 95.33 ,,,,,,,,,,,,,,,,,,,,,,,,,,,,
m6idn.xlarge,4,16,1x237 NVMe SSD,,Up to 30,Up to 25,0.21707, $ 156.29 ,0.12909, $ 92.94 ,,,,,,,,,,,,,,,,,,,,,,,,,,,,
r7gd.xlarge,4,32,1 x 237 NVMe SSD,,Up to 12.5,Up to 10,0.1843, $ 132.70 ,0.1269, $ 91.37 ,,,,,,,,,,,,,,,,,,,,,,,,,,,,
c7g.2xlarge,8,16,EBS-Only,,Up to 15,Up to 10,0.1949, $ 140.33 ,0.1266, $ 91.15 ,,,,,,,,,,,,,,,,,,,,,,,,,,,,
r5b.xlarge,4,32,EBS-Only,up to 10,,"Up to 10,000",0.2015076, $ 145.09 ,0.1261613, $ 90.84 ,,,,,,,,,,,,,,,,,,,,,,,,,,,,
r5n.xlarge,4,32,EBS-Only,Up to 25,,"Up to 4,750",0.202, $ 145.44 ,0.126, $ 90.72 ,,,,,,,,,,,,,,,,,,,,,,,,,,,,
r7i.xlarge,4,32,EBS-Only,,Up to 12.5,Up to 10,0.17892, $ 128.82 ,0.12525, $ 90.18 ,,,,,,,,,,,,,,,,,,,,,,,,,,,,
x2gd.xlarge,4,64,1x237 NVMe SSD,,Up to 10,Up to 4.75,0.2305, $ 165.96 ,0.1243, $ 89.50 ,,,,,,,,,,,,,,,,,,,,,,,,,,,,
r5ad.xlarge,4,32,1 x 150 NVMe SSD,Up to 10,,"Up to 2,880",0.178, $ 128.16 ,0.122, $ 87.84 ,,,,,,,,,,,,,,,,,,,,,,,,,,,,
t4g.2xlarge,8,32,,,,,0.1809, $ 130.25 ,0.1213, $ 87.34 ,,192,Up to 5,,,,,,"Up to 2,780",40%,,,,,,,,,,,,,,,,,,
r4.xlarge,4,30.5,EBS-Only,Up to 10,,0.18,0.1804, $ 129.89 ,0.1194, $ 85.97 ,,,,,,,,,,,,,,,,,,,,,,,,,,,,
r6i.xlarge,4,32,EBS-Only,,Up to 12.5,Up to 10,0.1704, $ 122.69 ,0.11928, $ 85.88 ,,,,,,,,,,,,,,,,,,,,,,,,,,,,
r5.xlarge,4,32,EBS-Only,up to 10,,"Up to 4,750",0.17, $ 122.40 ,0.119, $ 85.68 ,,,,,,,,,,,,,,,,,,,,,,,,,,,,
c6g.2xlarge,8,16,EBS-Only,,Up to 10,"Up to 4,750",0.1868, $ 134.50 ,0.1184, $ 85.25 ,,,,,,,,,,,,,,,,,,,,,,,,,,,,
inf1.xlarge,4,8,EBS only,,Up to 25,Up to 4.75,0.154, $ 110.88 ,0.114, $ 82.08 ,,,,,,,,,,,,,,1,,,,,,,,,,,,N/A,,
m6in.xlarge,4,16,EBS-Only,,Up to 30,Up to 25,0.18963, $ 136.53 ,0.11189, $ 80.56 ,,,,,,,,,,,,,,,,,,,,,,,,,,,,
m5dn.xlarge,4,16,1 x 150 NVMe SSD,,Up to 25,"Up to 4,750",0.186, $ 133.92 ,0.11, $ 79.20 ,,,,,,,,,,,,,,,,,,,,,,,,,,,,
m6id.xlarge,4,16,1x237 NVMe SSD,,Up to 12.5,Up to 10,0.16219, $ 116.78 ,0.10837, $ 78.03 ,,,,,,,,,,,,,,,,,,,,,,,,,,,,
r6a.xlarge,4,32,EBS-Only,,Up to 12.5,Up to 10,0.15336, $ 110.42 ,0.10735, $ 77.29 ,,,,,,,,,,,,,,,,,,,,,,,,,,,,
r6gd.xlarge,4,32,1 x 237 NVMe SSD,,Up to 10,"Up to 4,750",0.1565, $ 112.68 ,0.1071, $ 77.11 ,,,,,,,,,,,,,,,,,,,,,,,,,,,,
r5a.xlarge,4,32,EBS-Only,Up to 10,,"Up to 2,880",0.153, $ 110.16 ,0.107, $ 77.04 ,,,,,,,,,,,,,,,,,,,,,,,,,,,,
m7a.xlarge,4,16,EBS-Only,,Up to 12.5,Up to 10,0.15897, $ 114.46 ,0.10669, $ 76.82 ,,,,,,,,,,,,,,,,,,,,,,,,,,,,
i3en.large,2,16,1 x 1250 NVMe SSD,,Up to 25,0.17,0.166, $ 119.52 ,0.103, $ 74.16 ,,,,,,,,,,,,,,,,,,,,,,,,,,,,
m5d.xlarge,4,16,1 x 150 NVMe SSD,,Up to 10,"Up to 4,750",0.154, $ 110.88 ,0.103, $ 74.16 ,,,,,,,,,,,,,,,,,,,,,,,,,,,,
r7g.xlarge,4,32,EBS-Only,,Up to 12.5,Up to 10,0.1448, $ 104.26 ,0.1014, $ 73.01 ,,,,,,,,,,,,,,,,,,,,,,,,,,,,
m7gd.xlarge,4,16,1 x 237 NVMe SSD,,Up to 12.5,Up to 10,0.146, $ 105.12 ,0.0975, $ 70.20 ,,,,,,,,,,,,,,,,,,,,,,,,,,,,
m5n.xlarge,4,16,EBS-Only,,Up to 25,"Up to 4,750",0.162, $ 116.64 ,0.096, $ 69.12 ,,,,,,,,,,,,,,,,,,,,,,,,,,,,
r6g.xlarge,4,32,EBS-Only,,Up to 10,"Up to 4,750",0.1356, $ 97.63 ,0.0948, $ 68.26 ,,,,,,,,,,,,,,,,,,,,,,,,,,,,
c7gn.xlarge,4,8,EBS-Only,,Up to 40,Up to 10,0.1688, $ 121.54 ,0.0947, $ 68.18 ,,,,,,,,,,,,,,,,,,,,,,,,,,,,
m5ad.xlarge,4,16,1 x 150 NVMe SSD,,Up to 10,"Up to 2,880",0.141, $ 101.52 ,0.094, $ 67.68 ,,,,,,,,,,,,,,,,,,,,,,,,,,,,
m7i.xlarge,4,16,EBS-Only,,Up to 12.5,Up to 10,0.13824, $ 99.53 ,0.09277, $ 66.79 ,,,,,,,,,,,,,,,,,,,,,,,,,,,,
c4.xlarge,4,7.5,EBS-Only,High,,750,0.135, $ 97.20 ,0.092, $ 66.24 ,,,,,,,,,,,,,,,,,,,,,,,,,,,,
m4.xlarge,4,16,EBS-only,High,,750,0.133, $ 95.76 ,0.0901, $ 64.87 ,,,,,,,,,,,,,,,,,,,,,,,,,,,,
c7a.xlarge,4,8,EBS-Only,,Up to 12.5,Up to 10,0.13846, $ 99.69 ,0.08994, $ 64.76 ,,,,,,,,,,,,,,,,,,,,,,,,,,,,
c6id.xlarge,4,8,1x237 NVMe SSD,,Up to 12.5,Up to 10,0.13583, $ 97.80 ,0.08849, $ 63.71 ,,,,,,,,,,,,,,,,,,,,,,,,,,,,
m6i.xlarge,4,16,EBS-Only,,Up to 12.5,Up to 10,0.13166, $ 94.80 ,0.08836, $ 63.62 ,,,,,,,,,,,,,,,,,,,,,,,,,,,,
m7i-flex.xlarge,4,16,EBS-Only,,Up to 12.5,Up to 10,0.13133, $ 94.56 ,0.08813, $ 63.45 ,,,,,,,,,,,,,,,,,,,,,,,,,,,,
m5.xlarge,4,16,EBS-Only,,Up to 10,"Up to 4,750",0.132, $ 95.04 ,0.088, $ 63.36 ,,,,,,,,,,,,,,,,,,,,,,,,,,,,
c6in.xlarge,4,8,EBS-Only,,Up to 30,Up to 25,0.15336, $ 110.42 ,0.08606, $ 61.96 ,,,,,,,,,,,,,,,,,,,,,,,,,,,,
i4i.large,2,16,1 x 468 AWS Nitro SSD,,Up to 10,Up to 10,0.125, $ 90.00 ,0.086, $ 61.92 ,,,,,,,,,,,,,,,,,,,,,,,,,,,,
c5d.xlarge,4,8,1 x 100 NVMe SSD,,Up to 10,"Up to 4,750",0.13, $ 93.60 ,0.084, $ 60.48 ,,,,,,,,,,,,,,,,,,,,,,,,,,,,
t2.xlarge,4,16,EBS-Only,Moderate,,,0.1234, $ 88.85 ,0.0837, $ 60.26 ,,,,,,,,,,,,,,,,,,,,,,,54,,,,,
r6idn.large,2,16,1x118 NVMe SSD,,Up to 25,Up to 25,0.13212, $ 95.13 ,0.08289, $ 59.68 ,,,,,,,,,,,,,,,,,,,,,,,,,,,,
m6gd.xlarge,4,16,1 x 237 NVMe SSD,,Up to 10,"Up to 4,750",0.1229, $ 88.49 ,0.0821, $ 59.11 ,,,,,,,,,,,,,,,,,,,,,,,,,,,,
c5n.xlarge,4,10.5,EBS-Only,,Up to 25,"Up to 4,750",0.146, $ 105.12 ,0.082, $ 59.04 ,,,,,,,,,,,,,,,,,,,,,,,,,,,,
c6gn.xlarge,4,8,EBS-Only,,Up to 25,Up to 9.5,0.12215, $ 87.95 ,0.08078, $ 58.16 ,,,,,,,,,,,,,,,,,,,,,,,,,,,,
z1d.large,2,16,1 x 75 NVMe SSD,Up to 10,,0.13,0.126, $ 90.72 ,0.08, $ 57.60 ,,,,,,,,,,,,,,,,,,,,,,,,,,,,
c7gd.xlarge,4,8,1 x 237 NVMe SSD,,Up to 12.5,Up to 10,0.1222, $ 87.98 ,0.0796, $ 57.31 ,,,,,,,,,,,,,,,,,,,,,,,,,,,,
m6a.xlarge,4,16,EBS-Only,,Up to 12.5,Up to 10,0.11849, $ 85.31 ,0.07952, $ 57.25 ,,,,,,,,,,,,,,,,,,,,,,,,,,,,
i3.large,2,15.25,1 x 475 NVMe SSD,Up to 10,,0.12,0.115, $ 82.80 ,0.079, $ 56.88 ,,,,,,,,,,,,,,,,,,,,,,,,,,,,
m5a.xlarge,4,16,EBS-Only,,Up to 10,"Up to 2,880",0.117, $ 84.24 ,0.079, $ 56.88 ,,,,,,,,,,,,,,,,,,,,,,,,,,,,
c7i.xlarge,4,8,EBS-Only,,Up to 12.5,Up to 10,0.12039, $ 86.68 ,0.0782, $ 56.30 ,,,,,,,,,,,,,,,,,,,,,,,,,,,,
i4g.large,2,16,1 x 468 GB = 468 GB,,Up to 10,Up to 10,0.11224, $ 80.81 ,0.07779, $ 56.01 ,,,,,,,,,,,,,,,,,,,,,,,,,,,,
m5zn.large,2,8,EBS-Only,,Up to 25,"Up to 3,170",0.1165, $ 83.88 ,0.0777, $ 55.94 ,,,,,,,,,,,,,,,,,,,,,,,,,,,,
c5ad.xlarge,4,8,1 x 150 NVMe SSD,,up to 10,"up to 3,170",0.116, $ 83.52 ,0.076, $ 54.72 ,,,,,,,,,,,,,,,,,,,,,,,,,,,,
m7g.xlarge,4,16,EBS-Only,,Up to 12.5,Up to 10,0.1119, $ 80.57 ,0.0751, $ 54.07 ,,,,,,,,,,,,,,,,,,,,,,,,,,,,
t3.xlarge,4,16,EBS-Only,Up to 5,,,0.112, $ 80.64 ,0.0749, $ 53.93 ,,,,,,,,,,,,,,,,,,,,,,,96,,,,,
c6i.xlarge,4,8,EBS-Only,,Up to 12.5,Up to 10,0.11466, $ 82.56 ,0.07448, $ 53.63 ,,,,,,,,,,,,,,,,,,,,,,,,,,,,
c5.xlarge,4,8,EBS-Only,,Up to 10,"Up to 4,750",0.115, $ 82.80 ,0.074, $ 53.28 ,,,,,,,,,,,,,,,,,,,,,,,,,,,,
r6in.large,2,16,EBS-Only,,Up to 25,Up to 25,0.11788, $ 84.87 ,0.0738, $ 53.14 ,,,,,,,,,,,,,,,,,,,,,,,,,,,,
r7a.large,2,16,EBS-Only,,Up to 12.5,Up to 10,0.10288, $ 74.07 ,0.07202, $ 51.85 ,,,,,,,,,,,,,,,,,,,,,,,,,,,,
r5dn.large,2,16,1 x 75 NVMe SSD,Up to 25,,"Up to 4,750",0.113, $ 81.36 ,0.071, $ 51.12 ,,,,,,,,,,,,,,,,,,,,,,,,,,,,
m6g.xlarge,4,16,EBS-Only,,Up to 10,"Up to 4,750",0.1058, $ 76.18 ,0.0706, $ 50.83 ,,,,,,,,,,,,,,,,,,,,,,,,,,,,
r6id.large,2,16,1x118 NVMe SSD,,Up to 12.5,Up to 10,0.10239, $ 73.72 ,0.07049, $ 50.75 ,,,,,,,,,,,,,,,,,,,,,,,,,,,,
t3a.xlarge,4,16,EBS-Only,Up to 5,,,0.1013, $ 72.94 ,0.0679, $ 48.89 ,,,,,,,,,,,,,,,,,,,,,,,96,,,,,
c6a.xlarge,4,8,EBS-Only,,Up to 12.5,Up to 10,0.10319, $ 74.30 ,0.06703, $ 48.26 ,,,,,,,,,,,,,,,,,,,,,,,,,,,,
r5d.large,2,16,1 x 75 NVMe SSD,up to 10,,"Up to 4,750",0.098, $ 70.56 ,0.067, $ 48.24 ,,,,,,,,,,,,,,,,,,,,,,,,,,,,
c5a.xlarge,4,8,EBS-Only,,Up to 10,"Up to 3,170",0.104, $ 74.88 ,0.067, $ 48.24 ,,,,,,,,,,,,,,,,,,,,,,,,,,,,
c6gd.xlarge,4,8,1 x 237 NVMe SSD,,Up to 10,"Up to 4,750",0.104, $ 74.88 ,0.0662, $ 47.66 ,,,,,,,,,,,,,,,,,,,,,,,,,,,,
m6idn.large,2,8,1x118 NVMe SSD,,Up to 25,Up to 25,0.10853, $ 78.14 ,0.06454, $ 46.47 ,,,,,,,,,,,,,,,,,,,,,,,,,,,,
r7gd.large,2,16,1 x 118 NVMe SSD,,Up to 12.5,Up to 10,0.0921, $ 66.31 ,0.0634, $ 45.65 ,,,,,,,,,,,,,,,,,,,,,,,,,,,,
c7g.xlarge,4,8,EBS-Only,,Up to 12.5,Up to 10,0.0975, $ 70.20 ,0.0633, $ 45.58 ,,,,,,,,,,,,,,,,,,,,,,,,,,,,
r5b.large,2,16,EBS-Only,up to 10,,"Up to 10,000",0.1007538, $ 72.54 ,0.0630806, $ 45.42 ,,,,,,,,,,,,,,,,,,,,,,,,,,,,
r5n.large,2,16,EBS-Only,Up to 25,,"Up to 4,750",0.101, $ 72.72 ,0.063, $ 45.36 ,,,,,,,,,,,,,,,,,,,,,,,,,,,,
r7i.large,2,16,EBS-Only,,Up to 12.5,Up to 10,0.08946, $ 64.41 ,0.06262, $ 45.09 ,,,,,,,,,,,,,,,,,,,,,,,,,,,,
x2gd.large,2,32,1x118 NVMe SSD,,Up to 10,Up to 4.75,0.1153, $ 83.02 ,0.0621, $ 44.71 ,,,,,,,,,,,,,,,,,,,,,,,,,,,,
r5ad.large,2,16,1 x 75 NVMe SSD,Up to 10,,"Up to 2,880",0.089, $ 64.08 ,0.061, $ 43.92 ,,,,,,,,,,,,,,,,,,,,,,,,,,,,
t4g.xlarge,4,16,,,,,0.0905, $ 65.16 ,0.0606, $ 43.63 ,,96,Up to 5,,,,,,"Up to 2,780",40%,,,,,,,,,,,,,,,,,,
r5.large,2,16,EBS-Only,up to 10,,"Up to 4,750",0.085, $ 61.20 ,0.06, $ 43.20 ,,,,,,,,,,,,,,,,,,,,,,,,,,,,
r4.large,2,15.25,EBS-Only,Up to 10,,0.09,0.0902, $ 64.94 ,0.0597, $ 42.98 ,,,,,,,,,,,,,,,,,,,,,,,,,,,,
r6i.large,2,16,EBS-Only,,Up to 12.5,Up to 10,0.0852, $ 61.34 ,0.05964, $ 42.94 ,,,,,,,,,,,,,,,,,,,,,,,,,,,,
c6g.xlarge,4,8,EBS-Only,,Up to 10,"Up to 4,750",0.0934, $ 67.25 ,0.0592, $ 42.62 ,,,,,,,,,,,,,,,,,,,,,,,,,,,,
m6in.large,2,8,EBS-Only,,Up to 25,Up to 25,0.09482, $ 68.27 ,0.05594, $ 40.28 ,,,,,,,,,,,,,,,,,,,,,,,,,,,,
m5dn.large,2,8,1 x 75 NVMe SSD,,Up to 25,"Up to 4,750",0.093, $ 66.96 ,0.055, $ 39.60 ,,,,,,,,,,,,,,,,,,,,,,,,,,,,
m6id.large,2,8,1x118 NVMe SSD,,Up to 12.5,Up to 10,0.0811, $ 58.39 ,0.05419, $ 39.02 ,,,,,,,,,,,,,,,,,,,,,,,,,,,,
r6a.large,2,16,EBS-Only,,Up to 12.5,Up to 10,0.07668, $ 55.21 ,0.05368, $ 38.65 ,,,,,,,,,,,,,,,,,,,,,,,,,,,,
r6gd.large,2,16,1 x 118 NVMe SSD,,Up to 10,"Up to 4,750",0.0782, $ 56.30 ,0.0536, $ 38.59 ,,,,,,,,,,,,,,,,,,,,,,,,,,,,
m7a.large,2,8,EBS-Only,,Up to 12.5,Up to 10,0.07949, $ 57.23 ,0.05335, $ 38.41 ,,,,,,,,,,,,,,,,,,,,,,,,,,,,
r5a.large,2,16,EBS-Only,Up to 10,,"Up to 2,880",0.077, $ 55.44 ,0.053, $ 38.16 ,,,,,,,,,,,,,,,,,,,,,,,,,,,,
m5d.large,2,8,1 x 75 NVMe SSD,,Up to 10,"Up to 4,750",0.077, $ 55.44 ,0.052, $ 37.44 ,,,,,,,,,,,,,,,,,,,,,,,,,,,,
r7g.large,2,16,EBS-Only,,Up to 12.5,Up to 10,0.0724, $ 52.13 ,0.0507, $ 36.50 ,,,,,,,,,,,,,,,,,,,,,,,,,,,,
m7gd.large,2,8,1 x 118 NVMe SSD,,Up to 12.5,Up to 10,0.073, $ 52.56 ,0.0488, $ 35.14 ,,,,,,,,,,,,,,,,,,,,,,,,,,,,
m5n.large,2,8,EBS-Only,,Up to 25,"Up to 4,750",0.081, $ 58.32 ,0.048, $ 34.56 ,,,,,,,,,,,,,,,,,,,,,,,,,,,,
c7gn.large,2,4,EBS-Only,,Up to 30,Up to 10,0.0844, $ 60.77 ,0.0474, $ 34.13 ,,,,,,,,,,,,,,,,,,,,,,,,,,,,
r6g.large,2,16,EBS-Only,,Up to 10,"Up to 4,750",0.0678, $ 48.82 ,0.0474, $ 34.13 ,,,,,,,,,,,,,,,,,,,,,,,,,,,,
m5ad.large,2,8,1 x 75 NVMe SSD,,Up to 10,"Up to 2,880",0.071, $ 51.12 ,0.047, $ 33.84 ,,,,,,,,,,,,,,,,,,,,,,,,,,,,
m7i.large,2,8,EBS-Only,,Up to 12.5,Up to 10,0.06912, $ 49.77 ,0.04639, $ 33.40 ,,,,,,,,,,,,,,,,,,,,,,,,,,,,
c4.large,2,3.75,EBS-Only,Moderate,,500,0.068, $ 48.96 ,0.046, $ 33.12 ,,,,,,,,,,,,,,,,,,,,,,,,,,,,
m4.large,2,8,EBS-only,Moderate,,450,0.0664, $ 47.81 ,0.0451, $ 32.47 ,,,,,,,,,,,,,,,,,,,,,,,,,,,,
c7a.large,2,4,EBS-Only,,Up to 12.5,Up to 10,0.06923, $ 49.85 ,0.04497, $ 32.38 ,,,,,,,,,,,,,,,,,,,,,,,,,,,,
c6id.large,2,4,1x118 NVMe SSD,,Up to 12.5,Up to 10,0.06791, $ 48.90 ,0.04425, $ 31.86 ,,,,,,,,,,,,,,,,,,,,,,,,,,,,
m6i.large,2,8,EBS-Only,,Up to 12.5,Up to 10,0.06583, $ 47.40 ,0.04418, $ 31.81 ,,,,,,,,,,,,,,,,,,,,,,,,,,,,
m7i-flex.large,2,8,EBS-Only,,Up to 12.5,Up to 10,0.06566, $ 47.28 ,0.04406, $ 31.72 ,,,,,,,,,,,,,,,,,,,,,,,,,,,,
m5.large,2,8,EBS-Only,,Up to 10,"Up to 4,750",0.066, $ 47.52 ,0.044, $ 31.68 ,,,,,,,,,,,,,,,,,,,,,,,,,,,,
c6in.large,2,4,EBS-Only,,Up to 25,Up to 25,0.07668, $ 55.21 ,0.04303, $ 30.98 ,,,,,,,,,,,,,,,,,,,,,,,,,,,,
c5d.large,2,4,1 x 50 NVMe SSD,,Up to 10,"Up to 4,750",0.065, $ 46.80 ,0.042, $ 30.24 ,,,,,,,,,,,,,,,,,,,,,,,,,,,,
t2.large,2,8,EBS-Only,Low to Moderate,,,0.0618, $ 44.50 ,0.0418, $ 30.10 ,,,,,,,,,,,,,,,,,,,,,,,36,,,,,
m6gd.large,2,8,1 x 118 NVMe SSD,,Up to 10,"Up to 4,750",0.0615, $ 44.28 ,0.041, $ 29.52 ,,,,,,,,,,,,,,,,,,,,,,,,,,,,
c5n.large,2,5.25,EBS-Only,,Up to 25,"Up to 4,750",0.073, $ 52.56 ,0.041, $ 29.52 ,,,,,,,,,,,,,,,,,,,,,,,,,,,,
c6gn.large,2,4,EBS-Only,,Up to 25,Up to 9.5,0.06107, $ 43.97 ,0.04039, $ 29.08 ,,,,,,,,,,,,,,,,,,,,,,,,,,,,
c7gd.large,2,4,1 x 118 NVMe SSD,,Up to 12.5,Up to 10,0.0611, $ 43.99 ,0.0398, $ 28.66 ,,,,,,,,,,,,,,,,,,,,,,,,,,,,
m6a.large,2,8,EBS-Only,,Up to 12.5,Up to 10,0.05925, $ 42.66 ,0.03976, $ 28.63 ,,,,,,,,,,,,,,,,,,,,,,,,,,,,
c7i.large,2,4,EBS-Only,,Up to 12.5,Up to 10,0.0602, $ 43.34 ,0.0391, $ 28.15 ,,,,,,,,,,,,,,,,,,,,,,,,,,,,
m5a.large,2,8,EBS-Only,,Up to 10,"Up to 2,880",0.059, $ 42.48 ,0.039, $ 28.08 ,,,,,,,,,,,,,,,,,,,,,,,,,,,,
c5ad.large,2,4,1 x 75 NVMe SSD,,up to 10,"up to 3,170",0.058, $ 41.76 ,0.038, $ 27.36 ,,,,,,,,,,,,,,,,,,,,,,,,,,,,
m7g.large,2,8,EBS-Only,,Up to 12.5,Up to 10,0.056, $ 40.32 ,0.0376, $ 27.07 ,,,,,,,,,,,,,,,,,,,,,,,,,,,,
t3.large,2,8,EBS-Only,Up to 5,,,0.056, $ 40.32 ,0.0375, $ 27.00 ,,,,,,,,,,,,,,,,,,,,,,,36,,,,,
c6i.large,2,4,EBS-Only,,Up to 12.5,Up to 10,0.05733, $ 41.28 ,0.03724, $ 26.81 ,,,,,,,,,,,,,,,,,,,,,,,,,,,,
c5.large,2,4,EBS-Only,,Up to 10,"Up to 4,750",0.057, $ 41.04 ,0.037, $ 26.64 ,,,,,,,,,,,,,,,,,,,,,,,,,,,,
r7a.medium,1,8,EBS-Only,,Up to 12.5,Up to 10,0.05144, $ 37.04 ,0.03601, $ 25.93 ,,,,,,,,,,,,,,,,,,,,,,,,,,,,
m6g.large,2,8,EBS-Only,,Up to 10,"Up to 4,750",0.0529, $ 38.09 ,0.0353, $ 25.42 ,,,,,,,,,,,,,,,,,,,,,,,,,,,,
t3a.large,2,8,EBS-Only,Up to 5,,,0.0506, $ 36.43 ,0.034, $ 24.48 ,,,,,,,,,,,,,,,,,,,,,,,36,,,,,
c5a.large,2,4,EBS-Only,,Up to 10,"Up to 3,170",0.052, $ 37.44 ,0.034, $ 24.48 ,,,,,,,,,,,,,,,,,,,,,,,,,,,,
c6a.large,2,4,EBS-Only,,Up to 12.5,Up to 10,0.0516, $ 37.15 ,0.03352, $ 24.13 ,,,,,,,,,,,,,,,,,,,,,,,,,,,,
c6gd.large,2,4,1 x 118 NVMe SSD,,Up to 10,"Up to 4,750",0.052, $ 37.44 ,0.0331, $ 23.83 ,,,,,,,,,,,,,,,,,,,,,,,,,,,,
r7gd.medium,1,8,1 x 59 NVMe SSD,,Up to 12.5,Up to 10,0.0461, $ 33.19 ,0.0317, $ 22.82 ,,,,,,,,,,,,,,,,,,,,,,,,,,,,
c7g.large,2,4,EBS-Only,,Up to 12.5,Up to 10,0.0487, $ 35.06 ,0.0317, $ 22.82 ,,,,,,,,,,,,,,,,,,,,,,,,,,,,
x2gd.medium,1,16,1x59 NVMe SSD,,Up to 10,Up to 4.75,0.0576, $ 41.47 ,0.0311, $ 22.39 ,,,,,,,,,,,,,,,,,,,,,,,,,,,,
t4g.large,2,8,,,,,0.0452, $ 32.54 ,0.0303, $ 21.82 ,,36,Up to 5,,,,,,"Up to 2,780",30%,,,,,,,,,,,,,,,,,,
c6g.large,2,4,EBS-Only,,Up to 10,"Up to 4,750",0.0467, $ 33.62 ,0.0296, $ 21.31 ,,,,,,,,,,,,,,,,,,,,,,,,,,,,
r6gd.medium,1,8,1 x 59 NVMe SSD,,Up to 10,"Up to 4,750",0.0391, $ 28.15 ,0.0268, $ 19.30 ,,,,,,,,,,,,,,,,,,,,,,,,,,,,
m7a.medium,1,4,EBS-Only,,Up to 12.5,Up to 10,0.03974, $ 28.61 ,0.02667, $ 19.20 ,,,,,,,,,,,,,,,,,,,,,,,,,,,,
r7g.medium,1,8,EBS-Only,,Up to 12.5,Up to 10,0.0362, $ 26.06 ,0.0253, $ 18.22 ,,,,,,,,,,,,,,,,,,,,,,,,,,,,
m7gd.medium,1,4,1 x 59 NVMe SSD,,Up to 12.5,Up to 10,0.0365, $ 26.28 ,0.0244, $ 17.57 ,,,,,,,,,,,,,,,,,,,,,,,,,,,,
c7gn.medium,1,2,EBS-Only,,Up to 25,Up to 10,0.0422, $ 30.38 ,0.0237, $ 17.06 ,,,,,,,,,,,,,,,,,,,,,,,,,,,,
r6g.medium,1,8,EBS-Only,,Up to 10,"Up to 4,750",0.0339, $ 24.41 ,0.0237, $ 17.06 ,,,,,,,,,,,,,,,,,,,,,,,,,,,,
c7a.medium,1,2,EBS-Only,,Up to 12.5,Up to 10,0.03461, $ 24.92 ,0.02248, $ 16.19 ,,,,,,,,,,,,,,,,,,,,,,,,,,,,
t2.medium,2,4,EBS-Only,Low to Moderate,,,0.0308, $ 22.18 ,0.0209, $ 15.05 ,,,,,,,,,,,,,,,,,,,,,,,24,,,,,
m6gd.medium,1,4,1 x 59 NVMe SSD,,Up to 10,"Up to 4,750",0.0307, $ 22.10 ,0.0205, $ 14.76 ,,,,,,,,,,,,,,,,,,,,,,,,,,,,
c6gn.medium,1,2,EBS-Only,,Up to 16,Up to 9.5,0.03054, $ 21.99 ,0.02019, $ 14.54 ,,,,,,,,,,,,,,,,,,,,,,,,,,,,
c7gd.medium,1,2,1 x 59 NVMe SSD,,Up to 12.5,Up to 10,0.0306, $ 22.03 ,0.0199, $ 14.33 ,,,,,,,,,,,,,,,,,,,,,,,,,,,,
m7g.medium,1,4,EBS-Only,,Up to 12.5,Up to 10,0.028, $ 20.16 ,0.0188, $ 13.54 ,,,,,,,,,,,,,,,,,,,,,,,,,,,,
t3.medium,2,4,EBS-Only,Up to 5,,,0.028, $ 20.16 ,0.0187, $ 13.46 ,,,,,,,,,,,,,,,,,,,,,,,24,,,,,
m6g.medium,1,4,EBS-Only,,Up to 10,"Up to 4,750",0.0265, $ 19.08 ,0.0176, $ 12.67 ,,,,,,,,,,,,,,,,,,,,,,,,,,,,
t3a.medium,2,4,EBS-Only,Up to 5,,,0.0253, $ 18.22 ,0.017, $ 12.24 ,,,,,,,,,,,,,,,,,,,,,,,24,,,,,
c6gd.medium,1,2,1 x 59 NVMe SSD,,Up to 10,"Up to 4,750",0.026, $ 18.72 ,0.0166, $ 11.95 ,,,,,,,,,,,,,,,,,,,,,,,,,,,,
c7g.medium,1,2,EBS-Only,,Up to 12.5,Up to 10,0.0244, $ 17.57 ,0.0158, $ 11.38 ,,,,,,,,,,,,,,,,,,,,,,,,,,,,
t4g.medium,2,4,,,,,0.0226, $ 16.27 ,0.0152, $ 10.94 ,,24,Up to 5,,,,,,"Up to 2,085",20%,,,,,,,,,,,,,,,,,,
c6g.medium,1,2,EBS-Only,,Up to 10,"Up to 4,750",0.0234, $ 16.85 ,0.0148, $ 10.66 ,,,,,,,,,,,,,,,,,,,,,,,,,,,,
t2.small,1,2,EBS-Only,Low to Moderate,,,0.0154, $ 11.09 ,0.0105, $ 7.56 ,,,,,,,,,,,,,,,,,,,,,,,12,,,,,
t3.small,2,2,EBS-Only,Up to 5,,,0.014, $ 10.08 ,0.0094, $ 6.77 ,,,,,,,,,,,,,,,,,,,,,,,24,,,,,
t3a.small,2,2,EBS-Only,Up to 5,,,0.0127, $ 9.14 ,0.0085, $ 6.12 ,,,,,,,,,,,,,,,,,,,,,,,24,,,,,
t4g.small,2,2,,,,,0.0113, $ 8.14 ,0.0076, $ 5.47 ,,24,Up to 5,,,,,,"Up to 2,085",20%,,,,,,,,,,,,,,,,,,
t2.micro,1,1,EBS-Only,Low to Moderate,,,0.0078, $ 5.62 ,0.0052, $ 3.74 ,,,,,,,,,,,,,,,,,,,,,,,6,,,,,
t3.micro,2,1,EBS-Only,Up to 5,,,0.007, $ 5.04 ,0.0047, $ 3.38 ,,,,,,,,,,,,,,,,,,,,,,,12,,,,,
t3a.micro,2,1,EBS-Only,Up to 5,,,0.0063, $ 4.54 ,0.0042, $ 3.02 ,,,,,,,,,,,,,,,,,,,,,,,12,,,,,
t4g.micro,2,1,,,,,0.0057, $ 4.10 ,0.0038, $ 2.74 ,,12,Up to 5,,,,,,"Up to 2,085",10%,,,,,,,,,,,,,,,,,,
t2.nano,1,0.5,EBS-Only,Low,,,0.0039, $ 2.81 ,0.0026, $ 1.87 ,,,,,,,,,,,,,,,,,,,,,,,3,,,,,
t3.nano,2,0.5,EBS-Only,Up to 5,,,0.0035, $ 2.52 ,0.0023, $ 1.66 ,,,,,,,,,,,,,,,,,,,,,,,6,,,,,
t3a.nano,2,0.5,EBS-Only,Up to 5,,,0.0032, $ 2.30 ,0.0021, $ 1.51 ,,,,,,,,,,,,,,,,,,,,,,,6,,,,,
t4g.nano,2,0.5,,,,,0.0028, $ 2.02 ,0.0019, $ 1.37 ,,6,Up to 5,,,,,,"Up to 2,085",5%,,,,,,,,,,,,,,,,,,